identifier,name,country,political_group,gender,parliamentary_term
1832,Marianne Thyssen,BE,PPE,FEMALE,8
124936,Maria Arena,BE,S-D,FEMALE,8
5729,Kathleen Van Brempt,BE,S-D,FEMALE,8
117491,Anneleen Van Bossuyt,BE,ECR,FEMALE,8
125105,Helga Stevens,BE,ECR,FEMALE,8
130100,Hilde Vautmans,BE,RENEW,FEMALE,8
4253,Frédérique Ries,BE,RENEW,FEMALE,8
96848,Mariya Gabriel,BG,PPE,FEMALE,8
98341,Eva Maydell,BG,PPE,FEMALE,8
38605,Iliana Iotova,BG,S-D,FEMALE,8
125128,Iskra Mihaylova,BG,RENEW,FEMALE,8
124710,Michaela Šojdrová,CZ,PPE,FEMALE,8
23699,Kateřina Konečná,CZ,NI,FEMALE,8
96718,Olga Sehnalová,CZ,S-D,FEMALE,8
124708,Dita Charanzová,CZ,RENEW,FEMALE,8
124709,Martina Dlabajová,CZ,RENEW,FEMALE,8
23699,Kateřina Konečná,CZ,THE-LEFT,FEMALE,8
124876,Rikke-Louise Karlsson,DK,NI,FEMALE,8
37312,Christel Schaldemose,DK,S-D,FEMALE,8
28161,Margrete Auken,DK,VERTS-ALE,FEMALE,8
124876,Rikke-Louise Karlsson,DK,ECR,FEMALE,8
1055,Godelieve Quisthoudt-Rowohl,DE,PPE,FEMALE,8
112788,Birgit Collin-Langen,DE,PPE,FEMALE,8
28220,Ingeborg Gräßle,DE,PPE,FEMALE,8
4282,Renate Sommer,DE,PPE,FEMALE,8
4289,Angelika Niebler,DE,PPE,FEMALE,8
96756,Sabine Verheyen,DE,PPE,FEMALE,8
96780,Monika Hohlmeier,DE,PPE,FEMALE,8
124826,Martina Werner,DE,S-D,FEMALE,8
124836,Maria Noichl,DE,S-D,FEMALE,8
124838,Susanne Melior,DE,S-D,FEMALE,8
124841,Iris Hoffmann,DE,S-D,FEMALE,8
124888,Gabriele Preuß,DE,S-D,FEMALE,8
1849,Sylvia-Yvonne Kaufmann,DE,S-D,FEMALE,8
1854,Constanze Krehl,DE,S-D,FEMALE,8
1913,Evelyne Gebhardt,DE,S-D,FEMALE,8
195912,Babette Winter,DE,S-D,FEMALE,8
93624,Ulrike Rodust,DE,S-D,FEMALE,8
96831,Jutta Steinruck,DE,S-D,FEMALE,8
96837,Petra Kammerevert,DE,S-D,FEMALE,8
96839,Kerstin Westphal,DE,S-D,FEMALE,8
96932,Birgit Sippel,DE,S-D,FEMALE,8
103381,Terry Reintke,DE,VERTS-ALE,FEMALE,8
124848,Maria Heubuch,DE,VERTS-ALE,FEMALE,8
28233,Rebecca Harms,DE,VERTS-ALE,FEMALE,8
28240,Helga Trüpel,DE,VERTS-ALE,FEMALE,8
96728,Barbara Lochbihler,DE,VERTS-ALE,FEMALE,8
96734,Ska Keller,DE,VERTS-ALE,FEMALE,8
124825,Beatrix von Storch,DE,ECR,FEMALE,8
124829,Ulrike Trebesius,DE,ECR,FEMALE,8
124862,Ulrike Müller,DE,RENEW,FEMALE,8
120478,Martina Michels,DE,THE-LEFT,FEMALE,8
96852,Cornelia Ernst,DE,THE-LEFT,FEMALE,8
124698,Marju Lauristin,EE,S-D,FEMALE,8
124700,Jana Toom,EE,RENEW,FEMALE,8
124988,Deirdre Clune,IE,PPE,FEMALE,8
28115,Mairead McGuinness,IE,PPE,FEMALE,8
96603,Nessa Childers,IE,S-D,FEMALE,8
124984,Lynn Boylan,IE,THE-LEFT,FEMALE,8
22418,Esther Herranz García,ES,PPE,FEMALE,8
28390,Pilar del Castillo Vera,ES,PPE,FEMALE,8
4319,Pilar Ayuso,ES,PPE,FEMALE,8
96765,Verónica Lope Fontagné,ES,PPE,FEMALE,8
96806,Teresa Jiménez-Becerril Barrio,ES,PPE,FEMALE,8
96811,Rosa Estaràs Ferragut,ES,PPE,FEMALE,8
125041,Soledad Cabezón Ruiz,ES,S-D,FEMALE,8
125043,Inma Rodríguez-Piñero,ES,S-D,FEMALE,8
125045,Clara Aguilera,ES,S-D,FEMALE,8
28292,Inés Ayala Sender,ES,S-D,FEMALE,8
28298,Iratxe García Pérez,ES,S-D,FEMALE,8
4334,Elena Valenciano,ES,S-D,FEMALE,8
96991,Eider Gardiazabal Rubial,ES,S-D,FEMALE,8
24942,Ana Miranda Paz,ES,VERTS-ALE,FEMALE,8
125038,Maite Pagazaurtundúa,ES,RENEW,FEMALE,8
96922,Izaskun Bilbao Barandica,ES,RENEW,FEMALE,8
101580,Constance Le Grip,FR,PPE,FEMALE,8
1179,Michèle Alliot-Marie,FR,PPE,FEMALE,8
124732,Angélique Delahaye,FR,PPE,FEMALE,8
2025,Françoise Grossetête,FR,PPE,FEMALE,8
24594,Anne Sander,FR,PPE,FEMALE,8
38596,Elisabeth Morin-Chartier,FR,PPE,FEMALE,8
4345,Tokia Saïfi,FR,PPE,FEMALE,8
72775,Rachida Dati,FR,PPE,FEMALE,8
72779,Nadine Morano,FR,PPE,FEMALE,8
124740,Joëlle Bergeron,FR,NI,FEMALE,8
124748,Marie-Christine Arnautu,FR,NI,FEMALE,8
124750,Mireille D'Ornano,FR,NI,FEMALE,8
124753,Marie-Christine Boutonnet,FR,NI,FEMALE,8
124758,Mylène Troszczynski,FR,NI,FEMALE,8
124765,Joëlle Mélin,FR,NI,FEMALE,8
124769,Sophie Montel,FR,NI,FEMALE,8
124771,Dominique Bilde,FR,NI,FEMALE,8
21331,Sylvie Goddyn,FR,NI,FEMALE,8
28210,Marine Le Pen,FR,NI,FEMALE,8
103845,Virginie Rozière,FR,S-D,FEMALE,8
114279,Isabelle Thomas,FR,S-D,FEMALE,8
124287,Christine Revault d'Allonnes Bonnefoy,FR,S-D,FEMALE,8
193080,Karine Gloanec Maurin,FR,S-D,FEMALE,8
1985,Pervenche Berès,FR,S-D,FEMALE,8
96952,Sylvie Guillaume,FR,S-D,FEMALE,8
96743,Michèle Rivasi,FR,VERTS-ALE,FEMALE,8
96868,Karima Delli,FR,VERTS-ALE,FEMALE,8
96883,Eva Joly,FR,VERTS-ALE,FEMALE,8
124765,Joëlle Mélin,FR,ID,FEMALE,8
124771,Dominique Bilde,FR,ID,FEMALE,8
189065,France Jamet,FR,ID,FEMALE,8
119434,Dubravka Šuica,HR,PPE,FEMALE,8
119436,Ivana Maletić,HR,PPE,FEMALE,8
124749,Marijana Petir,HR,PPE,FEMALE,8
185341,Željana Zovko,HR,PPE,FEMALE,8
112748,Biljana Borzan,HR,S-D,FEMALE,8
119431,Ruža Tomašić,HR,ECR,FEMALE,8
124831,Isabella Adinolfi,IT,PPE,FEMALE,8
124861,Caterina Chinnici,IT,PPE,FEMALE,8
28429,Alessandra Mussolini,IT,PPE,FEMALE,8
58758,Elisabetta Gardini,IT,PPE,FEMALE,8
96775,Lara Comi,IT,PPE,FEMALE,8
96813,Barbara Matera,IT,PPE,FEMALE,8
124777,Tiziana Beghin,IT,NI,FEMALE,8
124779,Eleonora Evi,IT,NI,FEMALE,8
124811,Laura Agea,IT,NI,FEMALE,8
124831,Isabella Adinolfi,IT,NI,FEMALE,8
124833,Laura Ferrara,IT,NI,FEMALE,8
124835,Rosa D'Amato,IT,NI,FEMALE,8
124842,Daniela Aiuto,IT,NI,FEMALE,8
124859,Giulia Moi,IT,NI,FEMALE,8
28429,Alessandra Mussolini,IT,NI,FEMALE,8
97198,Mara Bizzotto,IT,NI,FEMALE,8
124787,Renata Briano,IT,S-D,FEMALE,8
124799,Alessandra Moretti,IT,S-D,FEMALE,8
124801,Cécile Kashetu Kyenge,IT,S-D,FEMALE,8
124803,Isabella De Monte,IT,S-D,FEMALE,8
124804,Elly Schlein,IT,S-D,FEMALE,8
124814,Simona Bonafè,IT,S-D,FEMALE,8
124846,Pina Picierno,IT,S-D,FEMALE,8
124847,Elena Gentile,IT,S-D,FEMALE,8
124861,Caterina Chinnici,IT,S-D,FEMALE,8
124864,Michela Giuffrida,IT,S-D,FEMALE,8
124868,Alessia Maria Mosca,IT,S-D,FEMALE,8
28340,Patrizia Toia,IT,S-D,FEMALE,8
28346,Mercedes Bresso,IT,S-D,FEMALE,8
96917,Silvia Costa,IT,S-D,FEMALE,8
124779,Eleonora Evi,IT,VERTS-ALE,FEMALE,8
124835,Rosa D'Amato,IT,VERTS-ALE,FEMALE,8
58758,Elisabetta Gardini,IT,ECR,FEMALE,8
97198,Mara Bizzotto,IT,ID,FEMALE,8
25704,Eleni Theocharous,CY,PPE,FEMALE,8
25704,Eleni Theocharous,CY,ECR,FEMALE,8
28617,Inese Vaidere,LV,PPE,FEMALE,8
96934,Sandra Kalniete,LV,PPE,FEMALE,8
124745,Iveta Grigule-Pēterse,LV,NI,FEMALE,8
28619,Tatjana Ždanoka,LV,NI,FEMALE,8
28619,Tatjana Ždanoka,LV,VERTS-ALE,FEMALE,8
28276,Laima Liucija Andrikienė,LT,PPE,FEMALE,8
96681,Vilija Blinkevičiūtė,LT,S-D,FEMALE,8
1185,Viviane Reding,LU,PPE,FEMALE,8
124776,Mady Delvaux,LU,S-D,FEMALE,8
193292,Tilly Metz,LU,VERTS-ALE,FEMALE,8
102886,Ildikó Gáll-Pelcz,HU,PPE,FEMALE,8
124712,Andrea Bocskor,HU,PPE,FEMALE,8
28141,Lívia Járóka,HU,PPE,FEMALE,8
28150,Kinga Gál,HU,PPE,FEMALE,8
124712,Andrea Bocskor,HU,NI,FEMALE,8
28141,Lívia Járóka,HU,NI,FEMALE,8
28150,Kinga Gál,HU,NI,FEMALE,8
96661,Krisztina Morvai,HU,NI,FEMALE,8
118859,Roberta Metsola,MT,PPE,FEMALE,8
124968,Therese Comodini Cachia,MT,PPE,FEMALE,8
118858,Marlene Mizzi,MT,S-D,FEMALE,8
124970,Miriam Dalli,MT,S-D,FEMALE,8
125030,Annie Schreijer-Pierik,NL,PPE,FEMALE,8
38398,Esther De Lange,NL,PPE,FEMALE,8
97513,Vicky Maeijer,NL,NI,FEMALE,8
125021,Agnes Jongerius,NL,S-D,FEMALE,8
37229,Kati Piri,NL,S-D,FEMALE,8
96815,Judith Sargentini,NL,VERTS-ALE,FEMALE,8
190519,Caroline Nagtegaal,NL,RENEW,FEMALE,8
28266,Sophia in 't Veld,NL,RENEW,FEMALE,8
125023,Anja Hazekamp,NL,THE-LEFT,FEMALE,8
125016,Claudia Schmidt,AT,PPE,FEMALE,8
96882,Elisabeth Köstinger,AT,PPE,FEMALE,8
125024,Barbara Kappel,AT,NI,FEMALE,8
133316,Karoline Graswander-Hainz,AT,S-D,FEMALE,8
96998,Evelyn Regner,AT,S-D,FEMALE,8
97014,Karin Kadenbach-Razborcan,AT,S-D,FEMALE,8
124934,Monika Vana,AT,VERTS-ALE,FEMALE,8
97017,Ulrike Lunacek,AT,VERTS-ALE,FEMALE,8
124889,Agnieszka Kozłowska,PL,PPE,FEMALE,8
124898,Julia Pitera,PL,PPE,FEMALE,8
28284,Barbara Kudrycka,PL,PPE,FEMALE,8
96776,Róża Thun und Hohenstein,PL,PPE,FEMALE,8
96779,Danuta Maria Hübner,PL,PPE,FEMALE,8
96781,Danuta Jazłowiecka,PL,PPE,FEMALE,8
96791,Elżbieta Katarzyna Łukacijewska,PL,PPE,FEMALE,8
124883,Krystyna Łybacka,PL,S-D,FEMALE,8
28377,Lidia Joanna Geringer De Oedenberg,PL,S-D,FEMALE,8
124877,Jadwiga Wiśniewska,PL,ECR,FEMALE,8
124900,Beata Gosiewska,PL,ECR,FEMALE,8
28334,Urszula Krupa,PL,ECR,FEMALE,8
28353,Anna Fotyga,PL,ECR,FEMALE,8
96776,Róża Thun und Hohenstein,PL,RENEW,FEMALE,8
124733,Sofia Ribeiro,PT,PPE,FEMALE,8
124734,Cláudia Monteiro de Aguiar,PT,PPE,FEMALE,8
124737,Maria João Rodrigues,PT,S-D,FEMALE,8
125099,Liliana Rodrigues,PT,S-D,FEMALE,8
28306,Ana Gomes,PT,S-D,FEMALE,8
28308,Elisa Ferreira,PT,S-D,FEMALE,8
96820,Marisa Matias,PT,THE-LEFT,FEMALE,8
37324,Adina Vălean,RO,PPE,FEMALE,8
39713,Renate Weber,RO,PPE,FEMALE,8
39717,Ramona Nicole Mănescu,RO,PPE,FEMALE,8
96824,Monica Macovei,RO,PPE,FEMALE,8
96825,Norica Nicolai,RO,PPE,FEMALE,8
124785,Maria Grapini,RO,S-D,FEMALE,8
124793,Claudia Țapardel,RO,S-D,FEMALE,8
191377,Maria Gabriela Zoană,RO,S-D,FEMALE,8
33989,Daciana Octavia Sârbu,RO,S-D,FEMALE,8
33997,Corina Crețu,RO,S-D,FEMALE,8
95281,Viorica Dăncilă,RO,S-D,FEMALE,8
96824,Monica Macovei,RO,ECR,FEMALE,8
125103,Patricija Šulin,SI,PPE,FEMALE,8
125104,Romana Tomc,SI,PPE,FEMALE,8
96911,Tanja Fajon,SI,S-D,FEMALE,8
23894,Anna Záborská,SK,PPE,FEMALE,8
23868,Monika Beňová,SK,NI,FEMALE,8
23868,Monika Beňová,SK,S-D,FEMALE,8
96655,Monika Smolková,SK,S-D,FEMALE,8
124901,Jana Žitňanská,SK,ECR,FEMALE,8
124726,Henna Virkkunen,FI,PPE,FEMALE,8
40599,Sirpa Pietikäinen,FI,PPE,FEMALE,8
124735,Miapetra Kumpula-Natri,FI,S-D,FEMALE,8
96684,Liisa Jaakonsaari,FI,S-D,FEMALE,8
2054,Heidi Hautala,FI,VERTS-ALE,FEMALE,8
132366,Pirkko Ruohonen-Lerner,FI,ECR,FEMALE,8
191693,Elsi Katainen,FI,RENEW,FEMALE,8
124736,Merja Kyllönen,FI,THE-LEFT,FEMALE,8
96674,Anna Maria Corazza Bildt,SE,PPE,FEMALE,8
124995,Kristina Winberg,SE,NI,FEMALE,8
124991,Jytte Guteland,SE,S-D,FEMALE,8
124997,Soraya Post,SE,S-D,FEMALE,8
28131,Anna Hedh,SE,S-D,FEMALE,8
96672,Marita Ulvskog,SE,S-D,FEMALE,8
124993,Bodil Valero,SE,VERTS-ALE,FEMALE,8
128588,Linnéa Engström,SE,VERTS-ALE,FEMALE,8
96675,Isabella Lövin,SE,VERTS-ALE,FEMALE,8
124995,Kristina Winberg,SE,ECR,FEMALE,8
124992,Malin Björk,SE,THE-LEFT,FEMALE,8
197455,Cindy Franssen,BE,PPE,FEMALE,9
124936,Maria Arena,BE,S-D,FEMALE,9
5729,Kathleen Van Brempt,BE,S-D,FEMALE,9
197470,Saskia Bricmont,BE,VERTS-ALE,FEMALE,9
197471,Petra De Sutter,BE,VERTS-ALE,FEMALE,9
208722,Sara Matthieu,BE,VERTS-ALE,FEMALE,9
197469,Assita Kanko,BE,ECR,FEMALE,9
130100,Hilde Vautmans,BE,RENEW,FEMALE,9
4253,Frédérique Ries,BE,RENEW,FEMALE,9
98341,Eva Maydell,BG,PPE,FEMALE,9
197842,Elena Yoncheva,BG,NI,FEMALE,9
197842,Elena Yoncheva,BG,S-D,FEMALE,9
197845,Tsvetelina Penkova,BG,S-D,FEMALE,9
125128,Iskra Mihaylova,BG,RENEW,FEMALE,9
197842,Elena Yoncheva,BG,RENEW,FEMALE,9
197848,Atidzhe Alieva-Veli,BG,RENEW,FEMALE,9
124710,Michaela Šojdrová,CZ,PPE,FEMALE,9
23699,Kateřina Konečná,CZ,NI,FEMALE,9
197522,Radka Maxová,CZ,S-D,FEMALE,9
197549,Markéta Gregorová,CZ,VERTS-ALE,FEMALE,9
197552,Veronika Vrecionová,CZ,ECR,FEMALE,9
124708,Dita Charanzová,CZ,RENEW,FEMALE,9
124709,Martina Dlabajová,CZ,RENEW,FEMALE,9
197522,Radka Maxová,CZ,RENEW,FEMALE,9
23699,Kateřina Konečná,CZ,THE-LEFT,FEMALE,9
197515,Pernille Weiss-Ehler,DK,PPE,FEMALE,9
199941,Marianne Vind,DK,S-D,FEMALE,9
37312,Christel Schaldemose,DK,S-D,FEMALE,9
197573,Kira Marie Peter-Hansen,DK,VERTS-ALE,FEMALE,9
28161,Margrete Auken,DK,VERTS-ALE,FEMALE,9
197567,Karen Melchior,DK,RENEW,FEMALE,9
204331,Linea Søgaard-Lidell,DK,RENEW,FEMALE,9
197408,Hildegard Bentele,DE,PPE,FEMALE,9
197422,Christine Schneider,DE,PPE,FEMALE,9
197427,Marlene Mortler,DE,PPE,FEMALE,9
197429,Marion Walsmann,DE,PPE,FEMALE,9
206158,Manuela Ripa,DE,PPE,FEMALE,9
226260,Karolin Braunsberger-Reinhold,DE,PPE,FEMALE,9
4289,Angelika Niebler,DE,PPE,FEMALE,9
96756,Sabine Verheyen,DE,PPE,FEMALE,9
96780,Monika Hohlmeier,DE,PPE,FEMALE,9
99945,Lena Düpont,DE,PPE,FEMALE,9
197475,Christine Anderson,DE,NI,FEMALE,9
197483,Sylvia Limmer,DE,NI,FEMALE,9
206158,Manuela Ripa,DE,NI,FEMALE,9
124836,Maria Noichl,DE,S-D,FEMALE,9
1854,Constanze Krehl,DE,S-D,FEMALE,9
1913,Evelyne Gebhardt,DE,S-D,FEMALE,9
197433,Katarina Barley,DE,S-D,FEMALE,9
197435,Gabriele Bischoff,DE,S-D,FEMALE,9
197440,Delara Burkhardt,DE,S-D,FEMALE,9
96837,Petra Kammerevert,DE,S-D,FEMALE,9
96932,Birgit Sippel,DE,S-D,FEMALE,9
103381,Terry Reintke,DE,VERTS-ALE,FEMALE,9
183916,Alexandra Geese,DE,VERTS-ALE,FEMALE,9
197451,Viola von Cramon-Taubadel,DE,VERTS-ALE,FEMALE,9
197453,Anna Deparnay-Grunenberg,DE,VERTS-ALE,FEMALE,9
197457,Henrike Hahn,DE,VERTS-ALE,FEMALE,9
197459,Pierrette Herzberger-Fofana,DE,VERTS-ALE,FEMALE,9
197461,Katrin Langensiepen,DE,VERTS-ALE,FEMALE,9
197464,Hannah Neumann,DE,VERTS-ALE,FEMALE,9
197466,Jutta Paulus,DE,VERTS-ALE,FEMALE,9
206158,Manuela Ripa,DE,VERTS-ALE,FEMALE,9
86793,Anna Cavazzini,DE,VERTS-ALE,FEMALE,9
96734,Ska Keller,DE,VERTS-ALE,FEMALE,9
124862,Ulrike Müller,DE,RENEW,FEMALE,9
197437,Nicola Beer,DE,RENEW,FEMALE,9
197444,Svenja Hahn,DE,RENEW,FEMALE,9
120478,Martina Michels,DE,THE-LEFT,FEMALE,9
197468,Özlem Demirel,DE,THE-LEFT,FEMALE,9
96852,Cornelia Ernst,DE,THE-LEFT,FEMALE,9
197475,Christine Anderson,DE,ID,FEMALE,9
197483,Sylvia Limmer,DE,ID,FEMALE,9
197491,Marina Kaljurand,EE,S-D,FEMALE,9
124700,Jana Toom,EE,RENEW,FEMALE,9
124988,Deirdre Clune,IE,PPE,FEMALE,9
197720,Frances Fitzgerald,IE,PPE,FEMALE,9
197863,Maria Walsh,IE,PPE,FEMALE,9
28115,Mairead McGuinness,IE,PPE,FEMALE,9
197889,Grace O'Sullivan,IE,VERTS-ALE,FEMALE,9
197731,Clare Daly,IE,THE-LEFT,FEMALE,9
197679,Isabel Benjumea Benjumea,ES,PPE,FEMALE,9
197711,Dolors Montserrat,ES,PPE,FEMALE,9
197784,Susana Solís Pérez,ES,PPE,FEMALE,9
247737,Ana Collado Jiménez,ES,PPE,FEMALE,9
28390,Pilar del Castillo Vera,ES,PPE,FEMALE,9
96811,Rosa Estaràs Ferragut,ES,PPE,FEMALE,9
204443,Clara Ponsatí Obiols,ES,NI,FEMALE,9
122978,Alicia Homs Ginel,ES,S-D,FEMALE,9
125043,Inma Rodríguez-Piñero,ES,S-D,FEMALE,9
125045,Clara Aguilera,ES,S-D,FEMALE,9
197702,Lina Gálvez,ES,S-D,FEMALE,9
197719,Cristina Maestre,ES,S-D,FEMALE,9
197728,Mónica Silvana González,ES,S-D,FEMALE,9
197735,Adriana Maldonado López,ES,S-D,FEMALE,9
197742,Isabel García Muñoz,ES,S-D,FEMALE,9
198329,Estrella Durá Ferrandis,ES,S-D,FEMALE,9
247735,Laura Ballarín Cereza,ES,S-D,FEMALE,9
28298,Iratxe García Pérez,ES,S-D,FEMALE,9
96991,Eider Gardiazabal Rubial,ES,S-D,FEMALE,9
197832,Diana Riba i Giner,ES,VERTS-ALE,FEMALE,9
24942,Ana Miranda Paz,ES,VERTS-ALE,FEMALE,9
198096,Mazaly Aguilar,ES,ECR,FEMALE,9
204414,Margarita de la Pisa Carrión,ES,ECR,FEMALE,9
125038,Maite Pagazaurtundúa,ES,RENEW,FEMALE,9
197784,Susana Solís Pérez,ES,RENEW,FEMALE,9
237320,Eva-Maria Alexandrova Poptcheva,ES,RENEW,FEMALE,9
4344,María Soraya Rodríguez Ramos,ES,RENEW,FEMALE,9
96922,Izaskun Bilbao Barandica,ES,RENEW,FEMALE,9
197681,Sira Rego,ES,THE-LEFT,FEMALE,9
197785,Eugenia Rodríguez Palop,ES,THE-LEFT,FEMALE,9
197827,Idoia Villanueva Ruiz,ES,THE-LEFT,FEMALE,9
250572,Patricia Caro Maya,ES,THE-LEFT,FEMALE,9
251249,Esther Sanz Selva,ES,THE-LEFT,FEMALE,9
197535,Agnès Evren,FR,PPE,FEMALE,9
197536,Nathalie Colin-Oesterlé,FR,PPE,FEMALE,9
24594,Anne Sander,FR,PPE,FEMALE,9
249284,Laurence Sailliet,FR,PPE,FEMALE,9
72779,Nadine Morano,FR,PPE,FEMALE,9
197629,Maxette Pirbakas,FR,NI,FEMALE,9
197697,Aurore Lalucq,FR,S-D,FEMALE,9
204418,Nora Mebarek,FR,S-D,FEMALE,9
96952,Sylvie Guillaume,FR,S-D,FEMALE,9
197506,Caroline Roose,FR,VERTS-ALE,FEMALE,9
197511,Salima Yenbou,FR,VERTS-ALE,FEMALE,9
197531,Gwendoline Delbos-Corfield,FR,VERTS-ALE,FEMALE,9
249285,Lydie Massard,FR,VERTS-ALE,FEMALE,9
96743,Michèle Rivasi,FR,VERTS-ALE,FEMALE,9
96868,Karima Delli,FR,VERTS-ALE,FEMALE,9
97236,Marie Toussaint,FR,VERTS-ALE,FEMALE,9
135511,Valérie Hayer,FR,RENEW,FEMALE,9
197494,Nathalie Loiseau,FR,RENEW,FEMALE,9
197499,Chrysoula Zacharopoulou,FR,RENEW,FEMALE,9
197502,Marie-Pierre Vedrenne,FR,RENEW,FEMALE,9
197505,Catherine Chabaud,FR,RENEW,FEMALE,9
197511,Salima Yenbou,FR,RENEW,FEMALE,9
197547,Irène Tolleret,FR,RENEW,FEMALE,9
197576,Sylvie Brunet,FR,RENEW,FEMALE,9
197581,Stéphanie Yon-Courtin,FR,RENEW,FEMALE,9
197589,Laurence Farreng,FR,RENEW,FEMALE,9
197593,Véronique Trillet-Lenoir,FR,RENEW,FEMALE,9
204416,Ilana Cicurel,FR,RENEW,FEMALE,9
22858,Fabienne Keller,FR,RENEW,FEMALE,9
247122,Catherine Amalric,FR,RENEW,FEMALE,9
197527,Anne-Sophie Pelletier,FR,THE-LEFT,FEMALE,9
197529,Leila Chaibi,FR,THE-LEFT,FEMALE,9
197533,Manon Aubry,FR,THE-LEFT,FEMALE,9
236053,Marina Mesure,FR,THE-LEFT,FEMALE,9
124765,Joëlle Mélin,FR,ID,FEMALE,9
124771,Dominique Bilde,FR,ID,FEMALE,9
182995,Annika Bruna,FR,ID,FEMALE,9
189065,France Jamet,FR,ID,FEMALE,9
197597,Hélène Laporte,FR,ID,FEMALE,9
197627,Virginie Joron,FR,ID,FEMALE,9
197629,Maxette Pirbakas,FR,ID,FEMALE,9
197680,Aurélia Beigneux,FR,ID,FEMALE,9
197686,Julie Lechanteux,FR,ID,FEMALE,9
197691,Mathilde Androuët,FR,ID,FEMALE,9
236050,Marie Dauchy,FR,ID,FEMALE,9
236052,Patricia Chagnon,FR,ID,FEMALE,9
94649,Catherine Griset,FR,ID,FEMALE,9
119434,Dubravka Šuica,HR,PPE,FEMALE,9
185341,Željana Zovko,HR,PPE,FEMALE,9
202036,Sunčana Glavak,HR,PPE,FEMALE,9
112747,Romana Jerković,HR,S-D,FEMALE,9
112748,Biljana Borzan,HR,S-D,FEMALE,9
119431,Ruža Tomašić,HR,ECR,FEMALE,9
124831,Isabella Adinolfi,IT,PPE,FEMALE,9
124861,Caterina Chinnici,IT,PPE,FEMALE,9
197586,Stefania Zambelli,IT,PPE,FEMALE,9
197790,Luisa Regimenti,IT,PPE,FEMALE,9
197798,Lucia Vuolo,IT,PPE,FEMALE,9
243979,Francesca Peppucci,IT,PPE,FEMALE,9
28429,Alessandra Mussolini,IT,PPE,FEMALE,9
96775,Lara Comi,IT,PPE,FEMALE,9
124777,Tiziana Beghin,IT,NI,FEMALE,9
124779,Eleonora Evi,IT,NI,FEMALE,9
124831,Isabella Adinolfi,IT,NI,FEMALE,9
124833,Laura Ferrara,IT,NI,FEMALE,9
124835,Rosa D'Amato,IT,NI,FEMALE,9
197586,Stefania Zambelli,IT,NI,FEMALE,9
197619,Sabrina Pignedoli,IT,NI,FEMALE,9
197790,Luisa Regimenti,IT,NI,FEMALE,9
197792,Daniela Rondinelli,IT,NI,FEMALE,9
197794,Chiara Gemma,IT,NI,FEMALE,9
197798,Lucia Vuolo,IT,NI,FEMALE,9
197822,Francesca Donato,IT,NI,FEMALE,9
239258,Maria Angela Danzì,IT,NI,FEMALE,9
239262,Elisabetta De Blasis,IT,NI,FEMALE,9
243912,Maria Veronica Rossi,IT,NI,FEMALE,9
243979,Francesca Peppucci,IT,NI,FEMALE,9
124799,Alessandra Moretti,IT,S-D,FEMALE,9
124814,Simona Bonafè,IT,S-D,FEMALE,9
124846,Pina Picierno,IT,S-D,FEMALE,9
124861,Caterina Chinnici,IT,S-D,FEMALE,9
197591,Irene Tinagli,IT,S-D,FEMALE,9
197618,Elisabetta Gualmini,IT,S-D,FEMALE,9
197792,Daniela Rondinelli,IT,S-D,FEMALE,9
230085,Camilla Laureti,IT,S-D,FEMALE,9
240478,Beatrice Covassi,IT,S-D,FEMALE,9
28340,Patrizia Toia,IT,S-D,FEMALE,9
28346,Mercedes Bresso,IT,S-D,FEMALE,9
124779,Eleonora Evi,IT,VERTS-ALE,FEMALE,9
124835,Rosa D'Amato,IT,VERTS-ALE,FEMALE,9
197794,Chiara Gemma,IT,ECR,FEMALE,9
239262,Elisabetta De Blasis,IT,ECR,FEMALE,9
197618,Elisabetta Gualmini,IT,RENEW,FEMALE,9
197578,Silvia Sardone,IT,ID,FEMALE,9
197580,Isabella Tovaglieri,IT,ID,FEMALE,9
197582,Gianna Gancia,IT,ID,FEMALE,9
197586,Stefania Zambelli,IT,ID,FEMALE,9
197610,Alessandra Basso,IT,ID,FEMALE,9
197611,Elena Lizzi,IT,ID,FEMALE,9
197616,Rosanna Conte,IT,ID,FEMALE,9
197786,Susanna Ceccardi,IT,ID,FEMALE,9
197788,Anna Bonfrisco,IT,ID,FEMALE,9
197789,Simona Baldassarre,IT,ID,FEMALE,9
197790,Luisa Regimenti,IT,ID,FEMALE,9
197798,Lucia Vuolo,IT,ID,FEMALE,9
197806,Annalisa Tardino,IT,ID,FEMALE,9
197822,Francesca Donato,IT,ID,FEMALE,9
239256,Paola Ghidoni,IT,ID,FEMALE,9
239262,Elisabetta De Blasis,IT,ID,FEMALE,9
243912,Maria Veronica Rossi,IT,ID,FEMALE,9
97198,Mara Bizzotto,IT,ID,FEMALE,9
239271,Eleni Stavrou,CY,PPE,FEMALE,9
130256,Dace Melbārde,LV,PPE,FEMALE,9
28617,Inese Vaidere,LV,PPE,FEMALE,9
96934,Sandra Kalniete,LV,PPE,FEMALE,9
130256,Dace Melbārde,LV,NI,FEMALE,9
28619,Tatjana Ždanoka,LV,NI,FEMALE,9
28619,Tatjana Ždanoka,LV,VERTS-ALE,FEMALE,9
130256,Dace Melbārde,LV,ECR,FEMALE,9
197835,Aušra Seibutytė,LT,PPE,FEMALE,9
197840,Rasa Juknevičienė,LT,PPE,FEMALE,9
96681,Vilija Blinkevičiūtė,LT,S-D,FEMALE,9
197421,Isabel Wiseler-Lima,LU,PPE,FEMALE,9
249603,Martine Kemp,LU,PPE,FEMALE,9
193292,Tilly Metz,LU,VERTS-ALE,FEMALE,9
197418,Monica Semedo,LU,RENEW,FEMALE,9
124712,Andrea Bocskor,HU,PPE,FEMALE,9
27714,Edina Tóth,HU,PPE,FEMALE,9
28141,Lívia Járóka,HU,PPE,FEMALE,9
28150,Kinga Gál,HU,PPE,FEMALE,9
96830,Enikő Győri,HU,PPE,FEMALE,9
124712,Andrea Bocskor,HU,NI,FEMALE,9
27714,Edina Tóth,HU,NI,FEMALE,9
28141,Lívia Járóka,HU,NI,FEMALE,9
28150,Kinga Gál,HU,NI,FEMALE,9
96830,Enikő Győri,HU,NI,FEMALE,9
197579,Klára Dobrev,HU,S-D,FEMALE,9
197588,Katalin Cseh,HU,RENEW,FEMALE,9
197595,Anna Júlia Donáth,HU,RENEW,FEMALE,9
118859,Roberta Metsola,MT,PPE,FEMALE,9
124970,Miriam Dalli,MT,S-D,FEMALE,9
197394,Josianne Cutajar,MT,S-D,FEMALE,9
125030,Annie Schreijer-Pierik,NL,PPE,FEMALE,9
247709,Anja Haga,NL,PPE,FEMALE,9
38398,Esther De Lange,NL,PPE,FEMALE,9
204733,Dorien Rookmaker,NL,NI,FEMALE,9
247709,Anja Haga,NL,NI,FEMALE,9
125021,Agnes Jongerius,NL,S-D,FEMALE,9
197756,Vera Tax,NL,S-D,FEMALE,9
37229,Kati Piri,NL,S-D,FEMALE,9
5392,Lara Wolters,NL,S-D,FEMALE,9
197772,Tineke Strik,NL,VERTS-ALE,FEMALE,9
197870,Kim Van Sparrentak,NL,VERTS-ALE,FEMALE,9
204733,Dorien Rookmaker,NL,ECR,FEMALE,9
190519,Caroline Nagtegaal,NL,RENEW,FEMALE,9
197868,Samira Rafaela,NL,RENEW,FEMALE,9
197869,Liesje Schreinemacher,NL,RENEW,FEMALE,9
229519,Catharina Rinzema,NL,RENEW,FEMALE,9
28266,Sophia in 't Veld,NL,RENEW,FEMALE,9
125023,Anja Hazekamp,NL,THE-LEFT,FEMALE,9
197643,Karoline Edtstadler,AT,PPE,FEMALE,9
197652,Angelika Winzig,AT,PPE,FEMALE,9
197656,Simone Schmiedtbauer,AT,PPE,FEMALE,9
197667,Barbara Thaler,AT,PPE,FEMALE,9
197678,Bettina Vollath,AT,S-D,FEMALE,9
238674,Theresa Bielowski,AT,S-D,FEMALE,9
96998,Evelyn Regner,AT,S-D,FEMALE,9
124934,Monika Vana,AT,VERTS-ALE,FEMALE,9
197675,Sarah Wiener,AT,VERTS-ALE,FEMALE,9
197632,Claudia Gamon,AT,RENEW,FEMALE,9
197490,Magdalena Adamowicz,PL,PPE,FEMALE,9
197525,Ewa Kopacz,PL,PPE,FEMALE,9
197542,Janina Ochojska,PL,PPE,FEMALE,9
96776,Róża Thun und Hohenstein,PL,PPE,FEMALE,9
96779,Danuta Maria Hübner,PL,PPE,FEMALE,9
96791,Elżbieta Katarzyna Łukacijewska,PL,PPE,FEMALE,9
197550,Sylwia Spurek,PL,NI,FEMALE,9
197550,Sylwia Spurek,PL,S-D,FEMALE,9
197550,Sylwia Spurek,PL,VERTS-ALE,FEMALE,9
124877,Jadwiga Wiśniewska,PL,ECR,FEMALE,9
197519,Beata Kempa,PL,ECR,FEMALE,9
197520,Izabela-Helena Kloc,PL,ECR,FEMALE,9
197530,Joanna Kopcińska,PL,ECR,FEMALE,9
197532,Elżbieta Kruk,PL,ECR,FEMALE,9
197538,Beata Mazurek,PL,ECR,FEMALE,9
197541,Andżelika Anna Możdżanowska,PL,ECR,FEMALE,9
197544,Elżbieta Rafalska,PL,ECR,FEMALE,9
197553,Beata Szydło,PL,ECR,FEMALE,9
197572,Anna Zalewska,PL,ECR,FEMALE,9
28353,Anna Fotyga,PL,ECR,FEMALE,9
96776,Róża Thun und Hohenstein,PL,RENEW,FEMALE,9
124734,Cláudia Monteiro de Aguiar,PT,PPE,FEMALE,9
197738,Lídia Pereira,PT,PPE,FEMALE,9
254720,Ana Miguel Dos Santos,PT,PPE,FEMALE,9
254721,Vânia Neto,PT,PPE,FEMALE,9
96867,Maria da Graça Carvalho,PT,PPE,FEMALE,9
197635,Maria-Manuel Leitão-Marques,PT,S-D,FEMALE,9
197638,Margarida Marques,PT,S-D,FEMALE,9
197641,Sara Cerdas,PT,S-D,FEMALE,9
197650,Isabel Santos,PT,S-D,FEMALE,9
199996,Isabel Carvalhais,PT,S-D,FEMALE,9
197754,Sandra Pereira,PT,THE-LEFT,FEMALE,9
254718,Anabela Rodrigues,PT,THE-LEFT,FEMALE,9
96820,Marisa Matias,PT,THE-LEFT,FEMALE,9
37324,Adina Vălean,RO,PPE,FEMALE,9
124785,Maria Grapini,RO,S-D,FEMALE,9
197651,Carmen Avram,RO,S-D,FEMALE,9
33997,Corina Crețu,RO,S-D,FEMALE,9
38595,Rovana Plumb,RO,S-D,FEMALE,9
134605,Ramona Strugariu,RO,RENEW,FEMALE,9
197664,Clotilde Armand,RO,RENEW,FEMALE,9
125104,Romana Tomc,SI,PPE,FEMALE,9
28294,Ljudmila Novak,SI,PPE,FEMALE,9
96911,Tanja Fajon,SI,S-D,FEMALE,9
197447,Irena Joveva,SI,RENEW,FEMALE,9
204336,Miriam Lexmann,SK,PPE,FEMALE,9
23868,Monika Beňová,SK,NI,FEMALE,9
96653,Katarína Roth Neveďalová,SK,NI,FEMALE,9
23868,Monika Beňová,SK,S-D,FEMALE,9
96653,Katarína Roth Neveďalová,SK,S-D,FEMALE,9
197766,Lucia Ďuriš Nicholsonová,SK,ECR,FEMALE,9
197766,Lucia Ďuriš Nicholsonová,SK,RENEW,FEMALE,9
124726,Henna Virkkunen,FI,PPE,FEMALE,9
40599,Sirpa Pietikäinen,FI,PPE,FEMALE,9
4260,Eija-Riitta Korhola,FI,PPE,FEMALE,9
197594,Laura Huhtasaari,FI,NI,FEMALE,9
124735,Miapetra Kumpula-Natri,FI,S-D,FEMALE,9
204335,Alviina Alametsä,FI,VERTS-ALE,FEMALE,9
2054,Heidi Hautala,FI,VERTS-ALE,FEMALE,9
132366,Pirkko Ruohonen-Lerner,FI,ECR,FEMALE,9
191693,Elsi Katainen,FI,RENEW,FEMALE,9
197805,Silvia Modig,FI,THE-LEFT,FEMALE,9
197594,Laura Huhtasaari,FI,ID,FEMALE,9
197390,Sara Skyttedal,SE,PPE,FEMALE,9
197404,Jessica Polfjärd,SE,PPE,FEMALE,9
197406,Arba Kokalari,SE,PPE,FEMALE,9
124991,Jytte Guteland,SE,S-D,FEMALE,9
197391,Heléne Fritzon,SE,S-D,FEMALE,9
197392,Evin Incir,SE,S-D,FEMALE,9
237779,Carina Ohlsson,SE,S-D,FEMALE,9
197395,Alice Kuhnke,SE,VERTS-ALE,FEMALE,9
197399,Jessica Stegrud,SE,ECR,FEMALE,9
197400,Abir Al-Sahlani,SE,RENEW,FEMALE,9
197401,Karin Karlsbro,SE,RENEW,FEMALE,9
214839,Emma Wiesner,SE,RENEW,FEMALE,9
124992,Malin Björk,SE,THE-LEFT,FEMALE,9
256889,Liesbet Sommen,BE,PPE,FEMALE,10
256880,Estelle Ceulemans,BE,S-D,FEMALE,10
5729,Kathleen Van Brempt,BE,S-D,FEMALE,10
197470,Saskia Bricmont,BE,VERTS-ALE,FEMALE,10
208722,Sara Matthieu,BE,VERTS-ALE,FEMALE,10
197469,Assita Kanko,BE,ECR,FEMALE,10
130100,Hilde Vautmans,BE,RENEW,FEMALE,10
220801,Sophie Wilmès,BE,RENEW,FEMALE,10
98341,Eva Maydell,BG,PPE,FEMALE,10
197842,Elena Yoncheva,BG,NI,FEMALE,10
197845,Tsvetelina Penkova,BG,S-D,FEMALE,10
197842,Elena Yoncheva,BG,RENEW,FEMALE,10
256847,Danuše Nerudová,CZ,PPE,FEMALE,10
23699,Kateřina Konečná,CZ,NI,FEMALE,10
256852,Nikola Bartůšek,CZ,NI,FEMALE,10
197549,Markéta Gregorová,CZ,VERTS-ALE,FEMALE,10
197552,Veronika Vrecionová,CZ,ECR,FEMALE,10
199941,Marianne Vind,DK,S-D,FEMALE,10
37312,Christel Schaldemose,DK,S-D,FEMALE,10
197573,Kira Marie Peter-Hansen,DK,VERTS-ALE,FEMALE,10
257020,Stine Bosse,DK,RENEW,FEMALE,10
257038,Sigrid Friis,DK,RENEW,FEMALE,10
197408,Hildegard Bentele,DE,PPE,FEMALE,10
197422,Christine Schneider,DE,PPE,FEMALE,10
197429,Marion Walsmann,DE,PPE,FEMALE,10
206158,Manuela Ripa,DE,PPE,FEMALE,10
256974,Verena Mertens,DE,PPE,FEMALE,10
256977,Andrea Wechsler,DE,PPE,FEMALE,10
256980,Alexandra Mehnert,DE,PPE,FEMALE,10
4289,Angelika Niebler,DE,PPE,FEMALE,10
96756,Sabine Verheyen,DE,PPE,FEMALE,10
96780,Monika Hohlmeier,DE,PPE,FEMALE,10
99945,Lena Düpont,DE,PPE,FEMALE,10
25758,Ruth Firmenich,DE,NI,FEMALE,10
124836,Maria Noichl,DE,S-D,FEMALE,10
197433,Katarina Barley,DE,S-D,FEMALE,10
197435,Gabriele Bischoff,DE,S-D,FEMALE,10
197440,Delara Burkhardt,DE,S-D,FEMALE,10
256935,Sabrina Repp,DE,S-D,FEMALE,10
256937,Vivien Costanzo,DE,S-D,FEMALE,10
96932,Birgit Sippel,DE,S-D,FEMALE,10
103381,Terry Reintke,DE,VERTS-ALE,FEMALE,10
183916,Alexandra Geese,DE,VERTS-ALE,FEMALE,10
197461,Katrin Langensiepen,DE,VERTS-ALE,FEMALE,10
197464,Hannah Neumann,DE,VERTS-ALE,FEMALE,10
197466,Jutta Paulus,DE,VERTS-ALE,FEMALE,10
256964,Nela Riehl,DE,VERTS-ALE,FEMALE,10
86793,Anna Cavazzini,DE,VERTS-ALE,FEMALE,10
197444,Svenja Hahn,DE,RENEW,FEMALE,10
256926,Marie-Agnes Strack-Zimmermann,DE,RENEW,FEMALE,10
256946,Christine Singer,DE,RENEW,FEMALE,10
197468,Özlem Demirel,DE,THE-LEFT,FEMALE,10
256927,Carola Rackete,DE,THE-LEFT,FEMALE,10
197491,Marina Kaljurand,EE,S-D,FEMALE,10
124700,Jana Toom,EE,RENEW,FEMALE,10
197863,Maria Walsh,IE,PPE,FEMALE,10
257237,Regina Doherty,IE,PPE,FEMALE,10
257296,Nina Carberry,IE,PPE,FEMALE,10
257301,Cynthia Ní Mhurchú,IE,RENEW,FEMALE,10
124984,Lynn Boylan,IE,THE-LEFT,FEMALE,10
257299,Kathleen Funchion,IE,THE-LEFT,FEMALE,10
197679,Isabel Benjumea Benjumea,ES,PPE,FEMALE,10
197711,Dolors Montserrat,ES,PPE,FEMALE,10
197784,Susana Solís Pérez,ES,PPE,FEMALE,10
22418,Esther Herranz García,ES,PPE,FEMALE,10
257034,Carmen Crespo Díaz,ES,PPE,FEMALE,10
257035,Alma Ezcurra Almansa,ES,PPE,FEMALE,10
257039,Elena Nevado del Campo,ES,PPE,FEMALE,10
257043,Maravillas Abadía Jover,ES,PPE,FEMALE,10
28390,Pilar del Castillo Vera,ES,PPE,FEMALE,10
96811,Rosa Estaràs Ferragut,ES,PPE,FEMALE,10
257022,Nora Junco García,ES,NI,FEMALE,10
122978,Alicia Homs Ginel,ES,S-D,FEMALE,10
197702,Lina Gálvez,ES,S-D,FEMALE,10
197719,Cristina Maestre,ES,S-D,FEMALE,10
247735,Laura Ballarín Cereza,ES,S-D,FEMALE,10
256992,Hana Jalloul Muro,ES,S-D,FEMALE,10
256993,Leire Pajín,ES,S-D,FEMALE,10
256994,Idoia Mendia,ES,S-D,FEMALE,10
256997,Sandra Gómez López,ES,S-D,FEMALE,10
256999,Rosa Serrano Sierra,ES,S-D,FEMALE,10
257001,Elena Sancho Murillo,ES,S-D,FEMALE,10
28298,Iratxe García Pérez,ES,S-D,FEMALE,10
197832,Diana Riba i Giner,ES,VERTS-ALE,FEMALE,10
24942,Ana Miranda Paz,ES,VERTS-ALE,FEMALE,10
257022,Nora Junco García,ES,ECR,FEMALE,10
256987,Oihane Agirregoitia Martínez,ES,RENEW,FEMALE,10
245770,Irene Montero,ES,THE-LEFT,FEMALE,10
257009,Isabel Serra Sánchez,ES,THE-LEFT,FEMALE,10
257012,Estrella Galán,ES,THE-LEFT,FEMALE,10
256918,Céline Imart,FR,PPE,FEMALE,10
256920,Isabelle Le Callennec,FR,PPE,FEMALE,10
72779,Nadine Morano,FR,PPE,FEMALE,10
256871,Malika Sorel,FR,NI,FEMALE,10
197697,Aurore Lalucq,FR,S-D,FEMALE,10
204418,Nora Mebarek,FR,S-D,FEMALE,10
256899,Murielle Laurent,FR,S-D,FEMALE,10
256902,Emma Rafowicz,FR,S-D,FEMALE,10
256904,Chloé Ridel,FR,S-D,FEMALE,10
256906,Claire Fita,FR,S-D,FEMALE,10
256915,Mélissa Camara,FR,VERTS-ALE,FEMALE,10
256917,Majdouline Sbai,FR,VERTS-ALE,FEMALE,10
97236,Marie Toussaint,FR,VERTS-ALE,FEMALE,10
256922,Marion Maréchal,FR,ECR,FEMALE,10
256925,Laurence Trochu,FR,ECR,FEMALE,10
135511,Valérie Hayer,FR,RENEW,FEMALE,10
197494,Nathalie Loiseau,FR,RENEW,FEMALE,10
197502,Marie-Pierre Vedrenne,FR,RENEW,FEMALE,10
197581,Stéphanie Yon-Courtin,FR,RENEW,FEMALE,10
197589,Laurence Farreng,FR,RENEW,FEMALE,10
22858,Fabienne Keller,FR,RENEW,FEMALE,10
256870,Valérie Devaux,FR,RENEW,FEMALE,10
197529,Leila Chaibi,FR,THE-LEFT,FEMALE,10
197533,Manon Aubry,FR,THE-LEFT,FEMALE,10
236053,Marina Mesure,FR,THE-LEFT,FEMALE,10
256912,Rima Hassan,FR,THE-LEFT,FEMALE,10
256913,Emma Fourreau,FR,THE-LEFT,FEMALE,10
185341,Željana Zovko,HR,PPE,FEMALE,10
202036,Sunčana Glavak,HR,PPE,FEMALE,10
204129,Nikolina Brnjac,HR,PPE,FEMALE,10
112747,Romana Jerković,HR,S-D,FEMALE,10
112748,Biljana Borzan,HR,S-D,FEMALE,10
124861,Caterina Chinnici,IT,PPE,FEMALE,10
257128,Giusi Princi,IT,PPE,FEMALE,10
257151,Letizia Moratti,IT,PPE,FEMALE,10
124799,Alessandra Moretti,IT,S-D,FEMALE,10
124846,Pina Picierno,IT,S-D,FEMALE,10
197591,Irene Tinagli,IT,S-D,FEMALE,10
197618,Elisabetta Gualmini,IT,S-D,FEMALE,10
230085,Camilla Laureti,IT,S-D,FEMALE,10
257101,Cecilia Strada,IT,S-D,FEMALE,10
257123,Lucia Annunziata,IT,S-D,FEMALE,10
257169,Annalisa Corrado,IT,S-D,FEMALE,10
275087,Georgia Tramacere,IT,S-D,FEMALE,10
257130,Cristina Guarda,IT,VERTS-ALE,FEMALE,10
257139,Benedetta Scuderi,IT,VERTS-ALE,FEMALE,10
197794,Chiara Gemma,IT,ECR,FEMALE,10
257095,Elena Donazzan,IT,ECR,FEMALE,10
257113,Antonella Sberna,IT,ECR,FEMALE,10
257143,Mariateresa Vivaldini,IT,ECR,FEMALE,10
257149,Lara Magoni,IT,ECR,FEMALE,10
197618,Elisabetta Gualmini,IT,RENEW,FEMALE,10
257127,Ilaria Salis,IT,THE-LEFT,FEMALE,10
257135,Valentina Palmisano,IT,THE-LEFT,FEMALE,10
257140,Carolina Morace,IT,THE-LEFT,FEMALE,10
28617,Inese Vaidere,LV,PPE,FEMALE,10
96934,Sandra Kalniete,LV,PPE,FEMALE,10
197840,Rasa Juknevičienė,LT,PPE,FEMALE,10
96681,Vilija Blinkevičiūtė,LT,S-D,FEMALE,10
197421,Isabel Wiseler-Lima,LU,PPE,FEMALE,10
249603,Martine Kemp,LU,PPE,FEMALE,10
193292,Tilly Metz,LU,VERTS-ALE,FEMALE,10
256861,Kinga Kollár,HU,PPE,FEMALE,10
256862,Dóra Dávid,HU,PPE,FEMALE,10
256865,Eszter Lakos,HU,PPE,FEMALE,10
256866,Gabriella Gerzsenyi,HU,PPE,FEMALE,10
197579,Klára Dobrev,HU,S-D,FEMALE,10
118859,Roberta Metsola,MT,PPE,FEMALE,10
256968,Ingeborg Ter Laak,NL,PPE,FEMALE,10
256983,Jessika Van Leeuwen,NL,PPE,FEMALE,10
276060,Willemien Koning,NL,PPE,FEMALE,10
5392,Lara Wolters,NL,S-D,FEMALE,10
91636,Marit Maij,NL,S-D,FEMALE,10
197772,Tineke Strik,NL,VERTS-ALE,FEMALE,10
197870,Kim Van Sparrentak,NL,VERTS-ALE,FEMALE,10
256990,Anna Strolenberg,NL,VERTS-ALE,FEMALE,10
257437,Catarina Vieira,NL,VERTS-ALE,FEMALE,10
256970,Raquel García Hermida-Van Der Walle,NL,RENEW,FEMALE,10
256976,Brigitte van den Berg,NL,RENEW,FEMALE,10
257003,Jeannette Baljeu,NL,RENEW,FEMALE,10
257438,Anouk Van Brug,NL,RENEW,FEMALE,10
125023,Anja Hazekamp,NL,THE-LEFT,FEMALE,10
197652,Angelika Winzig,AT,PPE,FEMALE,10
256831,Sophia Kircher,AT,PPE,FEMALE,10
256830,Elisabeth Grossmann,AT,S-D,FEMALE,10
96998,Evelyn Regner,AT,S-D,FEMALE,10
256833,Lena Schilling,AT,VERTS-ALE,FEMALE,10
256839,Anna Stürgkh,AT,RENEW,FEMALE,10
197490,Magdalena Adamowicz,PL,PPE,FEMALE,10
197525,Ewa Kopacz,PL,PPE,FEMALE,10
257032,Kamila Gasiuk-Pihowicz,PL,PPE,FEMALE,10
257046,Marta Wcisło,PL,PPE,FEMALE,10
257049,Mirosława Nykiel,PL,PPE,FEMALE,10
257082,Jagna Marczułajtis-Walczak,PL,PPE,FEMALE,10
262021,Hanna Gronkiewicz-Waltz,PL,PPE,FEMALE,10
96791,Elżbieta Katarzyna Łukacijewska,PL,PPE,FEMALE,10
257064,Anna Bryłka,PL,NI,FEMALE,10
257084,Joanna Scheuring-Wielgus,PL,S-D,FEMALE,10
124877,Jadwiga Wiśniewska,PL,ECR,FEMALE,10
197553,Beata Szydło,PL,ECR,FEMALE,10
197572,Anna Zalewska,PL,ECR,FEMALE,10
257055,Małgorzata Gosiewska,PL,ECR,FEMALE,10
257077,Marlena Maląg,PL,ECR,FEMALE,10
110673,Ana Miguel Pedro,PT,PPE,FEMALE,10
197738,Lídia Pereira,PT,PPE,FEMALE,10
210480,Marta Temido,PT,S-D,FEMALE,10
257053,Ana Catarina Mendes,PT,S-D,FEMALE,10
257071,Carla Tavares,PT,S-D,FEMALE,10
257075,Isilda Gomes,PT,S-D,FEMALE,10
257061,Ana Vasconcelos,PT,RENEW,FEMALE,10
257063,Catarina Martins,PT,THE-LEFT,FEMALE,10
37324,Adina Vălean,RO,PPE,FEMALE,10
257120,Diana Iovanovici Şoşoacă,RO,NI,FEMALE,10
124785,Maria Grapini,RO,S-D,FEMALE,10
257098,Gabriela Firea,RO,S-D,FEMALE,10
257105,Roxana Mînzatu,RO,S-D,FEMALE,10
257116,Georgiana Teodorescu,RO,ECR,FEMALE,10
125104,Romana Tomc,SI,PPE,FEMALE,10
256814,Zala Tomašič,SI,PPE,FEMALE,10
197447,Irena Joveva,SI,RENEW,FEMALE,10
204336,Miriam Lexmann,SK,PPE,FEMALE,10
198373,Judita Laššáková,SK,NI,FEMALE,10
23868,Monika Beňová,SK,NI,FEMALE,10
96653,Katarína Roth Neveďalová,SK,NI,FEMALE,10
257011,Lucia Yar,SK,RENEW,FEMALE,10
257013,Ľubica Karvašová,SK,RENEW,FEMALE,10
257014,Veronika Cifrová Ostrihoňová,SK,RENEW,FEMALE,10
124726,Henna Virkkunen,FI,PPE,FEMALE,10
40599,Sirpa Pietikäinen,FI,PPE,FEMALE,10
98219,Aura Salla,FI,PPE,FEMALE,10
256803,Maria Guzenina,FI,S-D,FEMALE,10
198076,Maria Ohisalo,FI,VERTS-ALE,FEMALE,10
191693,Elsi Katainen,FI,RENEW,FEMALE,10
198073,Anna-Maja Henriksson,FI,RENEW,FEMALE,10
198084,Katri Kulmuni,FI,RENEW,FEMALE,10
124736,Merja Kyllönen,FI,THE-LEFT,FEMALE,10
256805,Li Andersson,FI,THE-LEFT,FEMALE,10
197404,Jessica Polfjärd,SE,PPE,FEMALE,10
197406,Arba Kokalari,SE,PPE,FEMALE,10
257089,Alice Teodorescu Måwe,SE,PPE,FEMALE,10
197391,Heléne Fritzon,SE,S-D,FEMALE,10
197392,Evin Incir,SE,S-D,FEMALE,10
257088,Sofie Eriksson,SE,S-D,FEMALE,10
197395,Alice Kuhnke,SE,VERTS-ALE,FEMALE,10
96675,Isabella Lövin,SE,VERTS-ALE,FEMALE,10
257090,Beatrice Timgren,SE,ECR,FEMALE,10
197400,Abir Al-Sahlani,SE,RENEW,FEMALE,10
197401,Karin Karlsbro,SE,RENEW,FEMALE,10
214839,Emma Wiesner,SE,RENEW,FEMALE,10
257092,Hanna Gedin,SE,THE-LEFT,FEMALE,10
125107,Claude Rolin,BE,PPE,MALE,8
129164,Tom Vandenkendelaere,BE,PPE,MALE,8
24922,Pascal Arimont,BE,PPE,MALE,8
28257,Ivo Belet,BE,PPE,MALE,8
124973,Gerolf Annemans,BE,NI,MALE,8
29579,Marc Tarabella,BE,NI,MALE,8
125002,Hugues Bayet,BE,S-D,MALE,8
29579,Marc Tarabella,BE,S-D,MALE,8
4751,Bart Staes,BE,VERTS-ALE,MALE,8
96648,Philippe Lamberts,BE,VERTS-ALE,MALE,8
117477,Mark Demesmaeker,BE,ECR,MALE,8
125106,Johan Van Overtveldt,BE,ECR,MALE,8
125108,Louis Ide,BE,ECR,MALE,8
128717,Sander Loones,BE,ECR,MALE,8
195454,Ralph Packet,BE,ECR,MALE,8
97058,Guy Verhofstadt,BE,RENEW,MALE,8
124973,Gerolf Annemans,BE,ID,MALE,8
107212,Andrey Novakov,BG,PPE,MALE,8
111027,Svetoslav Hristov Malinov,BG,PPE,MALE,8
124843,Tomislav Donchev,BG,PPE,MALE,8
124850,Emil Radev,BG,PPE,MALE,8
189525,Asim Ademov,BG,PPE,MALE,8
38601,Vladimir Urutchev,BG,PPE,MALE,8
97968,Andrey Kovatchev,BG,PPE,MALE,8
124852,Sergei Stanishev,BG,S-D,MALE,8
124855,Georgi Pirinski,BG,S-D,MALE,8
124857,Peter Kouroumbashev,BG,S-D,MALE,8
125013,Momchil Nekov,BG,S-D,MALE,8
124871,Nikolay Barekov,BG,ECR,MALE,8
124873,Angel Dzhambazki,BG,ECR,MALE,8
124866,Ilhan Kyuchyuk,BG,RENEW,MALE,8
124701,Luděk Niedermayer,CZ,PPE,MALE,8
124702,Jaromír Štětina,CZ,PPE,MALE,8
124704,Stanislav Polčák,CZ,PPE,MALE,8
124713,Tomáš Zdechovský,CZ,PPE,MALE,8
125706,Jiří Pospíšil,CZ,PPE,MALE,8
96272,Pavel Svoboda,CZ,PPE,MALE,8
84175,Petr Mach,CZ,NI,MALE,8
124695,Jan Keller,CZ,S-D,MALE,8
124699,Miroslav Poche,CZ,S-D,MALE,8
96715,Pavel Poc,CZ,S-D,MALE,8
23712,Jan Zahradil,CZ,ECR,MALE,8
96713,Evžen Tošenovský,CZ,ECR,MALE,8
96705,Bendt Bendtsen,DK,PPE,MALE,8
124870,Jeppe Kofod,DK,S-D,MALE,8
28154,Ole Christensen,DK,S-D,MALE,8
124875,Anders Vistisen,DK,ECR,MALE,8
124878,Jørn Dohrmann,DK,ECR,MALE,8
96663,Morten Messerschmidt,DK,ECR,MALE,8
124872,Morten Petersen,DK,RENEW,MALE,8
96709,Morten Løkkegaard,DK,RENEW,MALE,8
124875,Anders Vistisen,DK,ID,MALE,8
1037,Reimer Böge,DE,PPE,MALE,8
1038,Karl-Heinz Florenz,DE,PPE,MALE,8
124806,David McAllister,DE,PPE,MALE,8
124807,Jens Gieseke,DE,PPE,MALE,8
124808,Norbert Lins,DE,PPE,MALE,8
124809,Sven Schulze,DE,PPE,MALE,8
1263,Elmar Brok,DE,PPE,MALE,8
1852,Dieter-Lebrecht Koch,DE,PPE,MALE,8
188945,Dennis Radtke,DE,PPE,MALE,8
1917,Markus Ferber,DE,PPE,MALE,8
1922,Thomas Mann,DE,PPE,MALE,8
1927,Peter Liese,DE,PPE,MALE,8
1928,Werner Langen,DE,PPE,MALE,8
194391,Stefan Gehrold,DE,PPE,MALE,8
2323,Rainer Wieland,DE,PPE,MALE,8
2341,Michael Gahler,DE,PPE,MALE,8
28219,Daniel Caspary,DE,PPE,MALE,8
28223,Andreas Schwab,DE,PPE,MALE,8
28224,Markus Pieper,DE,PPE,MALE,8
28225,Herbert Reul,DE,PPE,MALE,8
28226,Christian Ehler,DE,PPE,MALE,8
28228,Albert Deß,DE,PPE,MALE,8
28229,Manfred Weber,DE,PPE,MALE,8
96761,Axel Voss,DE,PPE,MALE,8
96762,Joachim Zeller,DE,PPE,MALE,8
96764,Hermann Winkler,DE,PPE,MALE,8
96767,Werner Kuhn,DE,PPE,MALE,8
96772,Peter Jahr,DE,PPE,MALE,8
96997,Burkhard Balz,DE,PPE,MALE,8
124830,Marcus Pretzell,DE,NI,MALE,8
124832,Udo Voigt,DE,NI,MALE,8
124834,Martin Sonneborn,DE,NI,MALE,8
124858,Fabio De Masi,DE,NI,MALE,8
190518,Jörg Meuthen,DE,NI,MALE,8
124822,Dietmar Köster,DE,S-D,MALE,8
124837,Joachim Schuster,DE,S-D,MALE,8
124839,Arne Lietz,DE,S-D,MALE,8
124840,Jakob von Weizsäcker,DE,S-D,MALE,8
185619,Tiemo Wölken,DE,S-D,MALE,8
186884,Arndt Kohn,DE,S-D,MALE,8
190799,Michael Detjen,DE,S-D,MALE,8
1909,Bernd Lange,DE,S-D,MALE,8
1911,Martin Schulz,DE,S-D,MALE,8
34728,Matthias Groote,DE,S-D,MALE,8
4262,Jo Leinen,DE,S-D,MALE,8
4267,Udo Bullmann,DE,S-D,MALE,8
96833,Jens Geier,DE,S-D,MALE,8
96836,Peter Simon,DE,S-D,MALE,8
96840,Knut Fleckenstein,DE,S-D,MALE,8
96842,Ismail Ertug,DE,S-D,MALE,8
96844,Norbert Neuser,DE,S-D,MALE,8
124816,Felix Reda,DE,VERTS-ALE,MALE,8
124818,Klaus Buchner,DE,VERTS-ALE,MALE,8
193273,Romeo Franz,DE,VERTS-ALE,MALE,8
28238,Michael Cramer,DE,VERTS-ALE,MALE,8
96730,Sven Giegold,DE,VERTS-ALE,MALE,8
96736,Jan Philipp Albrecht,DE,VERTS-ALE,MALE,8
96739,Reinhard Bütikofer,DE,VERTS-ALE,MALE,8
96752,Martin Häusling,DE,VERTS-ALE,MALE,8
124815,Arne Gericke,DE,ECR,MALE,8
124820,Bernd Lucke,DE,ECR,MALE,8
124823,Hans-Olaf Henkel,DE,ECR,MALE,8
124824,Bernd Kölmel,DE,ECR,MALE,8
124827,Joachim Starbatty,DE,ECR,MALE,8
124830,Marcus Pretzell,DE,ECR,MALE,8
190517,Martin Schirdewan,DE,THE-LEFT,MALE,8
96646,Helmut Scholz,DE,THE-LEFT,MALE,8
190518,Jörg Meuthen,DE,ID,MALE,8
28424,Tunne Kelam,EE,PPE,MALE,8
197131,Hannes Hanso,EE,S-D,MALE,8
97025,Ivari Padar,EE,S-D,MALE,8
97136,Indrek Tarand,EE,VERTS-ALE,MALE,8
124696,Andrus Ansip,EE,RENEW,MALE,8
129073,Urmas Paet,EE,RENEW,MALE,8
118658,Brian Hayes,IE,PPE,MALE,8
96668,Seán Kelly,IE,PPE,MALE,8
2109,Brian Crowley,IE,ECR,MALE,8
124985,Luke Ming Flanagan,IE,THE-LEFT,MALE,8
125006,Francisco de Paula Gambus Millet,ES,PPE,MALE,8
125027,Esteban González Pons,ES,PPE,MALE,8
125032,Ramón Luis Valcárcel Siso,ES,PPE,MALE,8
1351,Miguel Arias Cañete,ES,PPE,MALE,8
2002,José Ignacio Salafranca Sánchez-Neyra,ES,PPE,MALE,8
28393,Luis de Grandes Pascual,ES,PPE,MALE,8
28397,Agustín Díaz de Mera García Consuegra,ES,PPE,MALE,8
28398,Carlos Iturgaiz,ES,PPE,MALE,8
28399,Antonio López-Istúriz White,ES,PPE,MALE,8
28400,Francisco José Millán Mon,ES,PPE,MALE,8
96729,Santiago Fisas Ayxelà,ES,PPE,MALE,8
96763,Pablo Zalba Bidegain,ES,PPE,MALE,8
96808,Pablo Arias Echeverría,ES,PPE,MALE,8
96936,Gabriel Mato,ES,PPE,MALE,8
96812,Juan Fernando López Aguilar,ES,NI,MALE,8
103488,Sergio Gutiérrez Prieto,ES,S-D,MALE,8
125042,Javi López,ES,S-D,MALE,8
125044,José Blanco López,ES,S-D,MALE,8
125046,Jonás Fernández,ES,S-D,MALE,8
96768,Enrique Guerrero Salom,ES,S-D,MALE,8
96812,Juan Fernando López Aguilar,ES,S-D,MALE,8
97078,Ramón Jáuregui Atondo,ES,S-D,MALE,8
124932,Josep-Maria Terricabras,ES,VERTS-ALE,MALE,8
124933,Ernest Maragall,ES,VERTS-ALE,MALE,8
124972,Ernest Urtasun,ES,VERTS-ALE,MALE,8
125053,Jordi Vicent Sebastia Talavera,ES,VERTS-ALE,MALE,8
185974,Jordi Solé,ES,VERTS-ALE,MALE,8
26146,Florent Marcellesi,ES,VERTS-ALE,MALE,8
125005,Javier Nart,ES,RENEW,MALE,8
131507,Miguel Urbán Crespo,ES,THE-LEFT,MALE,8
108080,Franck Proust,FR,PPE,MALE,8
1204,Alain Lamassoure,FR,PPE,MALE,8
124728,Marc Joulaud,FR,PPE,MALE,8
124729,Renaud Muselier,FR,PPE,MALE,8
124731,Jérôme Lavrilleux,FR,PPE,MALE,8
190774,Geoffroy Didier,FR,PPE,MALE,8
5565,Brice Hortefeux,FR,PPE,MALE,8
96747,Arnaud Danjean,FR,PPE,MALE,8
96849,Alain Cadec,FR,PPE,MALE,8
96884,Philippe Juvin,FR,PPE,MALE,8
96931,Maurice Ponga,FR,PPE,MALE,8
97296,Michel Dantin,FR,PPE,MALE,8
1023,Jean-Marie Le Pen,FR,NI,MALE,8
110977,Florian Philippot,FR,NI,MALE,8
1164,Bruno Gollnisch,FR,NI,MALE,8
124738,Gilles Lebreton,FR,NI,MALE,8
124751,Dominique Martin,FR,NI,MALE,8
124752,Aymeric Chauprade,FR,NI,MALE,8
124755,Jean-Luc Schaffhauser,FR,NI,MALE,8
124757,Steeve Briois,FR,NI,MALE,8
124760,Nicolas Bay,FR,NI,MALE,8
124761,Bernard Monot,FR,NI,MALE,8
124767,Edouard Ferrand,FR,NI,MALE,8
124770,Jean-François Jalkh,FR,NI,MALE,8
125684,Philippe Loiseau,FR,NI,MALE,8
24505,Emmanuel Maurel,FR,NI,MALE,8
30190,Louis Aliot,FR,NI,MALE,8
113892,Eric Andrieu,FR,S-D,MALE,8
124693,Pascal Durand,FR,S-D,MALE,8
124725,Louis-Joseph Manscour,FR,S-D,MALE,8
124947,Edouard Martin,FR,S-D,MALE,8
24505,Emmanuel Maurel,FR,S-D,MALE,8
28166,Vincent Peillon,FR,S-D,MALE,8
94282,Jean-Paul Denanot,FR,S-D,MALE,8
96948,Gilles Pargneaux,FR,S-D,MALE,8
124693,Pascal Durand,FR,VERTS-ALE,MALE,8
96740,Yannick Jadot,FR,VERTS-ALE,MALE,8
96744,José Bové,FR,VERTS-ALE,MALE,8
124760,Nicolas Bay,FR,ECR,MALE,8
124693,Pascal Durand,FR,RENEW,MALE,8
96885,Dominique Riquet,FR,RENEW,MALE,8
24505,Emmanuel Maurel,FR,THE-LEFT,MALE,8
30482,Younous Omarjee,FR,THE-LEFT,MALE,8
124738,Gilles Lebreton,FR,ID,MALE,8
124760,Nicolas Bay,FR,ID,MALE,8
124770,Jean-François Jalkh,FR,ID,MALE,8
112755,Andrej Plenković,HR,PPE,MALE,8
119435,Davor Ivo Stier,HR,PPE,MALE,8
185340,Ivica Tolić,HR,PPE,MALE,8
112744,Tonino Picula,HR,S-D,MALE,8
124756,Davor Škrlec,HR,VERTS-ALE,MALE,8
124764,Giovanni Toti,IT,PPE,MALE,8
124772,Alberto Cirio,IT,PPE,MALE,8
124794,Remo Sernagiotto,IT,PPE,MALE,8
124795,Flavio Tosi,IT,PPE,MALE,8
124828,Fulvio Martusciello,IT,PPE,MALE,8
124853,Salvatore Domenico Pogliese,IT,PPE,MALE,8
124854,Salvatore Cicu,IT,PPE,MALE,8
125670,Massimiliano Salini,IT,PPE,MALE,8
133326,Stefano Maullu,IT,PPE,MALE,8
193706,Giovanni Miccichè,IT,PPE,MALE,8
2187,Antonio Tajani,IT,PPE,MALE,8
28451,Lorenzo Cesa,IT,PPE,MALE,8
36392,Aldo Patriciello,IT,PPE,MALE,8
4465,Raffaele Fitto,IT,PPE,MALE,8
72754,Innocenzo Leontini,IT,PPE,MALE,8
96787,Herbert Dorfmann,IT,PPE,MALE,8
96816,Giovanni La Via,IT,PPE,MALE,8
124778,Marco Valli,IT,NI,MALE,8
124780,Marco Zanni,IT,NI,MALE,8
124795,Flavio Tosi,IT,NI,MALE,8
124796,David Borrelli,IT,NI,MALE,8
124797,Marco Affronte,IT,NI,MALE,8
124812,Fabio Massimo Castaldo,IT,NI,MALE,8
124813,Dario Tamburrano,IT,NI,MALE,8
124844,Piernicola Pedicini,IT,NI,MALE,8
124856,Ignazio Corrao,IT,NI,MALE,8
124860,Renato Soru,IT,NI,MALE,8
124869,Gianluca Buonanno,IT,NI,MALE,8
125237,Marco Zullo,IT,NI,MALE,8
21817,Mario Borghezio,IT,NI,MALE,8
28404,Matteo Salvini,IT,NI,MALE,8
96880,Andrea Cozzolino,IT,NI,MALE,8
96993,Lorenzo Fontana,IT,NI,MALE,8
124788,Luigi Morgano,IT,S-D,MALE,8
124791,Daniele Viotti,IT,S-D,MALE,8
124800,Flavio Zanonato,IT,S-D,MALE,8
124817,Enrico Gasbarra,IT,S-D,MALE,8
124819,Goffredo Maria Bettini,IT,S-D,MALE,8
124821,Nicola Danti,IT,S-D,MALE,8
124849,Massimo Paolucci,IT,S-D,MALE,8
124851,Nicola Caputo,IT,S-D,MALE,8
124860,Renato Soru,IT,S-D,MALE,8
124867,Brando Benifei,IT,S-D,MALE,8
131051,Damiano Zoffoli,IT,S-D,MALE,8
192634,Giuseppe Ferrandino,IT,S-D,MALE,8
28365,Pier Antonio Panzeri,IT,S-D,MALE,8
4436,Gianni Pittella,IT,S-D,MALE,8
96864,David Maria Sassoli,IT,S-D,MALE,8
96880,Andrea Cozzolino,IT,S-D,MALE,8
96891,Paolo De Castro,IT,S-D,MALE,8
96892,Roberto Gualtieri,IT,S-D,MALE,8
96915,Sergio Gaetano Cofferati,IT,S-D,MALE,8
124797,Marco Affronte,IT,VERTS-ALE,MALE,8
124844,Piernicola Pedicini,IT,VERTS-ALE,MALE,8
124856,Ignazio Corrao,IT,VERTS-ALE,MALE,8
124794,Remo Sernagiotto,IT,ECR,MALE,8
133326,Stefano Maullu,IT,ECR,MALE,8
4465,Raffaele Fitto,IT,ECR,MALE,8
72754,Innocenzo Leontini,IT,ECR,MALE,8
124812,Fabio Massimo Castaldo,IT,RENEW,MALE,8
124821,Nicola Danti,IT,RENEW,MALE,8
125237,Marco Zullo,IT,RENEW,MALE,8
192634,Giuseppe Ferrandino,IT,RENEW,MALE,8
124813,Dario Tamburrano,IT,THE-LEFT,MALE,8
124780,Marco Zanni,IT,ID,MALE,8
183793,Angelo Ciocca,IT,ID,MALE,8
192635,Danilo Oscar Lancini,IT,ID,MALE,8
36392,Aldo Patriciello,IT,ID,MALE,8
124688,Christos Stylianides,CY,PPE,MALE,8
26837,Lefteris Christoforou,CY,PPE,MALE,8
124691,Costas Mavrides,CY,S-D,MALE,8
124692,Demetris Papadakis,CY,S-D,MALE,8
111033,Kārlis Šadurskis,LV,PPE,MALE,8
124743,Artis Pabriks,LV,PPE,MALE,8
196042,Aleksejs Loskutovs,LV,PPE,MALE,8
28618,Valdis Dombrovskis,LV,PPE,MALE,8
96901,Krišjānis Kariņš,LV,PPE,MALE,8
124746,Andrejs Mamikins,LV,S-D,MALE,8
191695,Miroslavs Mitrofanovs,LV,VERTS-ALE,MALE,8
28615,Roberts Zīle,LV,ECR,MALE,8
124759,Gabrielius Landsbergis,LT,PPE,MALE,8
124763,Antanas Guoga,LT,PPE,MALE,8
96696,Algirdas Saudargas,LT,PPE,MALE,8
124768,Valentinas Mazuronis,LT,NI,MALE,8
96694,Rolandas Paksas,LT,NI,MALE,8
96698,Viktor Uspaskich,LT,NI,MALE,8
96680,Zigmantas Balčytis,LT,S-D,MALE,8
125214,Bronis Ropė,LT,VERTS-ALE,MALE,8
96697,Waldemar Tomaszewski,LT,ECR,MALE,8
124766,Petras Auštrevičius,LT,RENEW,MALE,8
96698,Viktor Uspaskich,LT,RENEW,MALE,8
193419,Christophe Hansen,LU,PPE,MALE,8
96876,Frank Engel,LU,PPE,MALE,8
97293,Georges Bach,LU,PPE,MALE,8
4432,Claude Turmes,LU,VERTS-ALE,MALE,8
840,Charles Goerens,LU,RENEW,MALE,8
124711,Norbert Erdős,HU,PPE,MALE,8
124714,Andor Deli,HU,PPE,MALE,8
124715,György Hölvényi,HU,PPE,MALE,8
23816,András Gyürk,HU,PPE,MALE,8
23821,József Szájer,HU,PPE,MALE,8
28135,György Schöpflin,HU,PPE,MALE,8
39726,László Tőkés,HU,PPE,MALE,8
96826,Tamás Deutsch,HU,PPE,MALE,8
96829,Ádám Kósa,HU,PPE,MALE,8
102887,Béla Kovács,HU,NI,MALE,8
124714,Andor Deli,HU,NI,MALE,8
23816,András Gyürk,HU,NI,MALE,8
96826,Tamás Deutsch,HU,NI,MALE,8
96829,Ádám Kósa,HU,NI,MALE,8
96877,Zoltán Balczó,HU,NI,MALE,8
124703,Tibor Szanyi,HU,S-D,MALE,8
124705,István Ujhelyi,HU,S-D,MALE,8
124722,Csaba Molnár,HU,S-D,MALE,8
124723,Péter Niedermüller,HU,S-D,MALE,8
124720,Tamás Meszerics,HU,VERTS-ALE,MALE,8
124721,Benedek Jávor,HU,VERTS-ALE,MALE,8
188906,Francis Zammit Dimech,MT,PPE,MALE,8
28122,David Casa,MT,PPE,MALE,8
124781,Alfred Sant,MT,S-D,MALE,8
28165,Lambert van Nistelrooij,NL,PPE,MALE,8
95074,Jeroen Lenaers,NL,PPE,MALE,8
96754,Wim van de Camp,NL,PPE,MALE,8
96809,Peter van Dalen,NL,PPE,MALE,8
103246,Auke Zijlstra,NL,NI,MALE,8
125025,Marcel de Graaff,NL,NI,MALE,8
125028,Olaf Stuger,NL,NI,MALE,8
125029,Hans Jansen,NL,NI,MALE,8
125020,Paul Tang,NL,S-D,MALE,8
96725,Bas Eickhout,NL,VERTS-ALE,MALE,8
4507,Bas Belder,NL,ECR,MALE,8
96809,Peter van Dalen,NL,ECR,MALE,8
58789,Jan Huitema,NL,RENEW,MALE,8
96940,Gerben-Jan Gerbrandy,NL,RENEW,MALE,8
125025,Marcel de Graaff,NL,ID,MALE,8
107041,Heinz K. Becker,AT,PPE,MALE,8
190713,Lukas Mandl,AT,PPE,MALE,8
2278,Paul Rübig,AT,PPE,MALE,8
4246,Othmar Karas,AT,PPE,MALE,8
125001,Harald Vilimsky,AT,NI,MALE,8
38511,Georg Mayer,AT,NI,MALE,8
96981,Franz Obermayr,AT,NI,MALE,8
111014,Josef Weidenholzer,AT,S-D,MALE,8
125018,Eugen Freund,AT,S-D,MALE,8
28251,Jörg Leichtfried,AT,S-D,MALE,8
124935,Michel Reimon,AT,VERTS-ALE,MALE,8
190464,Thomas Waitz,AT,VERTS-ALE,MALE,8
125001,Harald Vilimsky,AT,ID,MALE,8
38511,Georg Mayer,AT,ID,MALE,8
124881,Marek Plura,PL,PPE,MALE,8
124890,Adam Szejnfeld,PL,PPE,MALE,8
124893,Bogdan Andrzej Zdrojewski,PL,PPE,MALE,8
124895,Krzysztof Hetman,PL,PPE,MALE,8
124896,Michał Boni,PL,PPE,MALE,8
124903,Bogdan Brunon Wenta,PL,PPE,MALE,8
23781,Janusz Lewandowski,PL,PPE,MALE,8
23785,Andrzej Grzyb,PL,PPE,MALE,8
23787,Czesław Adam Siekierski,PL,PPE,MALE,8
28269,Jerzy Buzek,PL,PPE,MALE,8
28288,Jan Olbrycht,PL,PPE,MALE,8
28297,Jacek Saryusz-Wolski,PL,PPE,MALE,8
28299,Bogusław Sonik,PL,PPE,MALE,8
28301,Tadeusz Zwiefka,PL,PPE,MALE,8
28394,Dariusz Rosati,PL,PPE,MALE,8
96771,Jarosław Kalinowski,PL,PPE,MALE,8
96774,Jarosław Wałęsa,PL,PPE,MALE,8
124879,Janusz Korwin-Mikke,PL,NI,MALE,8
124886,Robert Jarosław Iwaszkiewicz,PL,NI,MALE,8
124894,Michał Marusik,PL,NI,MALE,8
124902,Stanisław Żółtek,PL,NI,MALE,8
192298,Dobromir Sośnierz,PL,NI,MALE,8
23791,Kazimierz Michał Ujazdowski,PL,NI,MALE,8
28297,Jacek Saryusz-Wolski,PL,NI,MALE,8
23768,Bogusław Liberadzki,PL,S-D,MALE,8
28379,Adam Gierek,PL,S-D,MALE,8
96784,Janusz Zemke,PL,S-D,MALE,8
124874,Bolesław G. Piecha,PL,ECR,MALE,8
124882,Dawid Bohdan Jackiewicz,PL,ECR,MALE,8
124884,Kosma Złotowski,PL,ECR,MALE,8
124887,Karol Karski,PL,ECR,MALE,8
124891,Zdzisław Krasnodębski,PL,ECR,MALE,8
124892,Marek Jurek,PL,ECR,MALE,8
124897,Stanisław Ożóg,PL,ECR,MALE,8
124899,Andrzej Duda,PL,ECR,MALE,8
132925,Edward Czesak,PL,ECR,MALE,8
135540,Czesław Hoc,PL,ECR,MALE,8
135541,Sławomir Kłosowski,PL,ECR,MALE,8
23784,Janusz Wojciechowski,PL,ECR,MALE,8
23791,Kazimierz Michał Ujazdowski,PL,ECR,MALE,8
28297,Jacek Saryusz-Wolski,PL,ECR,MALE,8
28341,Mirosław Piotrowski,PL,ECR,MALE,8
28372,Ryszard Czarnecki,PL,ECR,MALE,8
28389,Zbigniew Kuźmiuk,PL,ECR,MALE,8
96790,Marek Józef Gróbarczyk,PL,ECR,MALE,8
96796,Ryszard Antoni Legutko,PL,ECR,MALE,8
96801,Tomasz Piotr Poręba,PL,ECR,MALE,8
124730,Fernando Ruas,PT,PPE,MALE,8
125101,José Inácio Faria,PT,PPE,MALE,8
1892,Carlos Coelho,PT,PPE,MALE,8
96899,José Manuel Fernandes,PT,PPE,MALE,8
96903,Paulo Rangel,PT,PPE,MALE,8
96978,Nuno Melo,PT,PPE,MALE,8
124739,Carlos Zorrinho,PT,S-D,MALE,8
124741,Ricardo Serrão Santos,PT,S-D,MALE,8
124747,Pedro Silva Pereira,PT,S-D,MALE,8
21918,Manuel dos Santos,PT,S-D,MALE,8
28307,Francisco Assis,PT,S-D,MALE,8
136236,João Pimenta Lopes,PT,THE-LEFT,MALE,8
96706,João Ferreira,PT,THE-LEFT,MALE,8
124789,Sorin Moisă,RO,PPE,MALE,8
124802,Siegfried Mureşan,RO,PPE,MALE,8
125012,Daniel Buda,RO,PPE,MALE,8
131750,Mihai Ţurcanu,RO,PPE,MALE,8
33982,Marian-Jean Marinescu,RO,PPE,MALE,8
37448,Eduard-Raul Hellvig,RO,PPE,MALE,8
38420,Cristian-Silviu Buşoi,RO,PPE,MALE,8
39721,Theodor Dumitru Stolojan,RO,PPE,MALE,8
39724,Csaba Sógor,RO,PPE,MALE,8
39725,Iuliu Winkler,RO,PPE,MALE,8
96835,Traian Ungureanu,RO,PPE,MALE,8
96838,Cristian Dan Preda,RO,PPE,MALE,8
124789,Sorin Moisă,RO,NI,MALE,8
124792,Laurenţiu Rebega,RO,NI,MALE,8
96857,Cătălin Sorin Ivan,RO,NI,MALE,8
124784,Dan Nica,RO,S-D,MALE,8
124786,Damian Drăghici,RO,S-D,MALE,8
124789,Sorin Moisă,RO,S-D,MALE,8
124790,Doru-Claudian Frunzulică,RO,S-D,MALE,8
124792,Laurenţiu Rebega,RO,S-D,MALE,8
129256,Emilian Pavel,RO,S-D,MALE,8
189490,Răzvan Popa,RO,S-D,MALE,8
33984,Ioan Mircea Paşcu,RO,S-D,MALE,8
39711,Victor Boştinaru,RO,S-D,MALE,8
40224,Andi Cristea,RO,S-D,MALE,8
88882,Victor Negrescu,RO,S-D,MALE,8
96847,Claudiu Ciprian Tănăsescu,RO,S-D,MALE,8
96857,Cătălin Sorin Ivan,RO,S-D,MALE,8
124792,Laurenţiu Rebega,RO,ECR,MALE,8
125004,Franc Bogovič,SI,PPE,MALE,8
23693,Alojz Peterle,SI,PPE,MALE,8
96933,Milan Zver,SI,PPE,MALE,8
125003,Igor Šoltes,SI,VERTS-ALE,MALE,8
124926,József Nagy,SK,PPE,MALE,8
124929,Ivan Štefanec,SK,PPE,MALE,8
124930,Pál Csáky,SK,PPE,MALE,8
28178,Miroslav Mikolášik,SK,PPE,MALE,8
96651,Eduard Kukan,SK,PPE,MALE,8
28192,Vladimír Maňka,SK,S-D,MALE,8
96656,Boris Zala,SK,S-D,MALE,8
124927,Branislav Škripek,SK,ECR,MALE,8
124928,Richard Sulík,SK,ECR,MALE,8
112611,Petri Sarvamaa,FI,PPE,MALE,8
107385,Sampo Terho,FI,ECR,MALE,8
124727,Jussi Halla-aho,FI,ECR,MALE,8
114268,Nils Torvalds,FI,RENEW,MALE,8
124990,Lars Adaktusson,SE,PPE,MALE,8
194658,Anders Sellström,SE,PPE,MALE,8
28124,Gunnar Hökmark,SE,PPE,MALE,8
28126,Christofer Fjellner,SE,PPE,MALE,8
124996,Peter Lundgren,SE,NI,MALE,8
111024,Jens Nilsson,SE,S-D,MALE,8
192465,Aleksander Gabelic,SE,S-D,MALE,8
96673,Olle Ludvigsson,SE,S-D,MALE,8
124937,Peter Eriksson,SE,VERTS-ALE,MALE,8
124994,Max Andersson,SE,VERTS-ALE,MALE,8
183338,Jakop G. Dalunde,SE,VERTS-ALE,MALE,8
124996,Peter Lundgren,SE,ECR,MALE,8
124989,Fredrick Federley,SE,RENEW,MALE,8
129164,Tom Vandenkendelaere,BE,PPE,MALE,9
197420,Kris Peeters,BE,PPE,MALE,9
197458,Benoît Lutgen,BE,PPE,MALE,9
24922,Pascal Arimont,BE,PPE,MALE,9
29579,Marc Tarabella,BE,NI,MALE,9
29579,Marc Tarabella,BE,S-D,MALE,9
96648,Philippe Lamberts,BE,VERTS-ALE,MALE,9
125106,Johan Van Overtveldt,BE,ECR,MALE,9
197467,Geert Bourgeois,BE,ECR,MALE,9
197463,Olivier Chastel,BE,RENEW,MALE,9
97058,Guy Verhofstadt,BE,RENEW,MALE,9
187917,Marc Botenga,BE,THE-LEFT,MALE,9
124973,Gerolf Annemans,BE,ID,MALE,9
185771,Tom Vandendriessche,BE,ID,MALE,9
197472,Filip De Man,BE,ID,MALE,9
107212,Andrey Novakov,BG,PPE,MALE,9
124850,Emil Radev,BG,PPE,MALE,9
189525,Asim Ademov,BG,PPE,MALE,9
197836,Alexander Alexandrov Yordanov,BG,PPE,MALE,9
197839,Radan Kanev,BG,PPE,MALE,9
97968,Andrey Kovatchev,BG,PPE,MALE,9
124852,Sergei Stanishev,BG,S-D,MALE,9
197844,Petar Vitanov,BG,S-D,MALE,9
197846,Ivo Hristov,BG,S-D,MALE,9
124873,Angel Dzhambazki,BG,ECR,MALE,9
197849,Andrey Slabakov,BG,ECR,MALE,9
124866,Ilhan Kyuchyuk,BG,RENEW,MALE,9
124701,Luděk Niedermayer,CZ,PPE,MALE,9
124704,Stanislav Polčák,CZ,PPE,MALE,9
124713,Tomáš Zdechovský,CZ,PPE,MALE,9
125706,Jiří Pospíšil,CZ,PPE,MALE,9
197564,Hynek Blaško,CZ,NI,MALE,9
197539,Mikuláš Peksa,CZ,VERTS-ALE,MALE,9
197546,Marcel Kolaja,CZ,VERTS-ALE,MALE,9
197537,Alexandr Vondra,CZ,ECR,MALE,9
23712,Jan Zahradil,CZ,ECR,MALE,9
96713,Evžen Tošenovský,CZ,ECR,MALE,9
118949,Ondřej Kovařík,CZ,RENEW,MALE,9
197526,Martin Hlaváček,CZ,RENEW,MALE,9
197528,Ondřej Knotek,CZ,RENEW,MALE,9
197556,Ivan David,CZ,ID,MALE,9
197564,Hynek Blaško,CZ,ID,MALE,9
101585,Niels Fuglsang,DK,S-D,MALE,9
124872,Morten Petersen,DK,RENEW,MALE,9
197555,Søren Gade,DK,RENEW,MALE,9
197558,Asger Christensen,DK,RENEW,MALE,9
239972,Erik Poulsen,DK,RENEW,MALE,9
239973,Bergur Løkke Rasmussen,DK,RENEW,MALE,9
96709,Morten Løkkegaard,DK,RENEW,MALE,9
197571,Nikolaj Villumsen,DK,THE-LEFT,MALE,9
124875,Anders Vistisen,DK,ID,MALE,9
197570,Peter Kofod,DK,ID,MALE,9
124834,Martin Sonneborn,DE,NI,MALE,9
128483,Markus Buchheit,DE,NI,MALE,9
132191,Gunnar Beck,DE,NI,MALE,9
190518,Jörg Meuthen,DE,NI,MALE,9
197434,Martin Buschmann,DE,NI,MALE,9
197478,Lars Patrick Berg,DE,NI,MALE,9
197480,Nicolaus Fest,DE,NI,MALE,9
197481,Maximilian Krah,DE,NI,MALE,9
197482,Joachim Kuhs,DE,NI,MALE,9
197488,Guido Reil,DE,NI,MALE,9
197489,Bernhard Zimniok,DE,NI,MALE,9
229352,Malte Gallée,DE,NI,MALE,9
251874,Niels Geuking,DE,NI,MALE,9
124822,Dietmar Köster,DE,S-D,MALE,9
124837,Joachim Schuster,DE,S-D,MALE,9
185619,Tiemo Wölken,DE,S-D,MALE,9
1909,Bernd Lange,DE,S-D,MALE,9
228286,Karsten Lucke,DE,S-D,MALE,9
229839,René Repasi,DE,S-D,MALE,9
237465,Matthias Ecke,DE,S-D,MALE,9
245858,Thomas Rudner,DE,S-D,MALE,9
4267,Udo Bullmann,DE,S-D,MALE,9
96833,Jens Geier,DE,S-D,MALE,9
96842,Ismail Ertug,DE,S-D,MALE,9
96844,Norbert Neuser,DE,S-D,MALE,9
106936,Daniel Freund,DE,VERTS-ALE,MALE,9
124818,Klaus Buchner,DE,VERTS-ALE,MALE,9
193273,Romeo Franz,DE,VERTS-ALE,MALE,9
197423,Nico Semsrott,DE,VERTS-ALE,MALE,9
197431,Patrick Breyer,DE,VERTS-ALE,MALE,9
197439,Damian Boeselager,DE,VERTS-ALE,MALE,9
197448,Rasmus Andresen,DE,VERTS-ALE,MALE,9
197449,Michael Bloss,DE,VERTS-ALE,MALE,9
197460,Sergey Lagodinsky,DE,VERTS-ALE,MALE,9
197462,Erik Marquardt,DE,VERTS-ALE,MALE,9
197465,Niklas Nienaß,DE,VERTS-ALE,MALE,9
229352,Malte Gallée,DE,VERTS-ALE,MALE,9
232843,Jan Ovelgönne,DE,VERTS-ALE,MALE,9
96730,Sven Giegold,DE,VERTS-ALE,MALE,9
96739,Reinhard Bütikofer,DE,VERTS-ALE,MALE,9
96752,Martin Häusling,DE,VERTS-ALE,MALE,9
197436,Helmut Geuking,DE,ECR,MALE,9
197478,Lars Patrick Berg,DE,ECR,MALE,9
197430,Engin Eroglu,DE,RENEW,MALE,9
197432,Jan-Christoph Oetjen,DE,RENEW,MALE,9
197443,Andreas Glück,DE,RENEW,MALE,9
197445,Moritz Körner,DE,RENEW,MALE,9
251268,Michael Kauch,DE,RENEW,MALE,9
190517,Martin Schirdewan,DE,THE-LEFT,MALE,9
96646,Helmut Scholz,DE,THE-LEFT,MALE,9
128483,Markus Buchheit,DE,ID,MALE,9
132191,Gunnar Beck,DE,ID,MALE,9
190518,Jörg Meuthen,DE,ID,MALE,9
197478,Lars Patrick Berg,DE,ID,MALE,9
197480,Nicolaus Fest,DE,ID,MALE,9
197481,Maximilian Krah,DE,ID,MALE,9
197482,Joachim Kuhs,DE,ID,MALE,9
197488,Guido Reil,DE,ID,MALE,9
197489,Bernhard Zimniok,DE,ID,MALE,9
204449,Riho Terras,EE,PPE,MALE,9
197497,Sven Mikser,EE,S-D,MALE,9
197493,Jaak Madison,EE,ECR,MALE,9
124696,Andrus Ansip,EE,RENEW,MALE,9
129073,Urmas Paet,EE,RENEW,MALE,9
197493,Jaak Madison,EE,ID,MALE,9
209896,Colm Markey,IE,PPE,MALE,9
96668,Seán Kelly,IE,PPE,MALE,9
205452,Chris MacManus,IE,NI,MALE,9
209896,Colm Markey,IE,NI,MALE,9
197654,Ciarán Cuffe,IE,VERTS-ALE,MALE,9
197818,Billy Kelleher,IE,RENEW,MALE,9
204332,Barry Andrews,IE,RENEW,MALE,9
124985,Luke Ming Flanagan,IE,THE-LEFT,MALE,9
197817,Mick Wallace,IE,THE-LEFT,MALE,9
205452,Chris MacManus,IE,THE-LEFT,MALE,9
125027,Esteban González Pons,ES,PPE,MALE,9
197606,Javier Zarzalejos,ES,PPE,MALE,9
197621,Juan Ignacio Zoido Álvarez,ES,PPE,MALE,9
197777,Leopoldo López Gil,ES,PPE,MALE,9
1992,José Manuel García-Margallo y Marfil,ES,PPE,MALE,9
204400,Adrián Vázquez Lázara,ES,PPE,MALE,9
28399,Antonio López-Istúriz White,ES,PPE,MALE,9
28400,Francisco José Millán Mon,ES,PPE,MALE,9
96808,Pablo Arias Echeverría,ES,PPE,MALE,9
96936,Gabriel Mato,ES,PPE,MALE,9
202351,Carles Puigdemont i Casamajó,ES,NI,MALE,9
202352,Antoni Comín i Oliveres,ES,NI,MALE,9
96708,Oriol Junqueras i Vies,ES,NI,MALE,9
125042,Javi López,ES,S-D,MALE,9
125046,Jonás Fernández,ES,S-D,MALE,9
127096,Domènec Ruiz Devesa,ES,S-D,MALE,9
197717,Ibán García Del Blanco,ES,S-D,MALE,9
197718,Nicolás González Casares,ES,S-D,MALE,9
197721,César Luena,ES,S-D,MALE,9
197722,Nacho Sánchez Amor,ES,S-D,MALE,9
204413,Marcos Ros Sempere,ES,S-D,MALE,9
28347,Javier Moreno Sánchez,ES,S-D,MALE,9
96812,Juan Fernando López Aguilar,ES,S-D,MALE,9
124972,Ernest Urtasun,ES,VERTS-ALE,MALE,9
185974,Jordi Solé,ES,VERTS-ALE,MALE,9
197829,Jorge Buxadé Villalba,ES,ECR,MALE,9
197831,Hermann Tertsch,ES,ECR,MALE,9
125005,Javier Nart,ES,RENEW,MALE,9
126644,Jordi Cañas,ES,RENEW,MALE,9
197554,Luis Garicano,ES,RENEW,MALE,9
197779,José Ramón Bauzá Díaz,ES,RENEW,MALE,9
204400,Adrián Vázquez Lázara,ES,RENEW,MALE,9
131507,Miguel Urbán Crespo,ES,THE-LEFT,MALE,9
197684,Pernando Barrena Arza,ES,THE-LEFT,MALE,9
197828,Manu Pineda,ES,THE-LEFT,MALE,9
190774,Geoffroy Didier,FR,PPE,MALE,9
197534,François-Xavier Bellamy,FR,PPE,MALE,9
5565,Brice Hortefeux,FR,PPE,MALE,9
96747,Arnaud Danjean,FR,PPE,MALE,9
124760,Nicolas Bay,FR,NI,MALE,9
197615,Jérôme Rivière,FR,NI,MALE,9
197626,Hervé Juvin,FR,NI,MALE,9
197683,Gilbert Collard,FR,NI,MALE,9
113892,Eric Andrieu,FR,S-D,MALE,9
124693,Pascal Durand,FR,S-D,MALE,9
197694,Raphaël Glucksmann,FR,S-D,MALE,9
197698,Pierre Larrouturou,FR,S-D,MALE,9
245018,Christophe Clergeau,FR,S-D,MALE,9
197500,Mounir Satouri,FR,VERTS-ALE,MALE,9
197503,David Cormand,FR,VERTS-ALE,MALE,9
197512,Benoît Biteau,FR,VERTS-ALE,MALE,9
197574,Damien Carême,FR,VERTS-ALE,MALE,9
204420,Claude Gruffat,FR,VERTS-ALE,MALE,9
250918,François Thiollet,FR,VERTS-ALE,MALE,9
96740,Yannick Jadot,FR,VERTS-ALE,MALE,9
96750,François Alfonsi,FR,VERTS-ALE,MALE,9
124760,Nicolas Bay,FR,ECR,MALE,9
124693,Pascal Durand,FR,RENEW,MALE,9
197504,Jérémy Decerle,FR,RENEW,MALE,9
197508,Stéphane Séjourné,FR,RENEW,MALE,9
197543,Bernard Guetta,FR,RENEW,MALE,9
197551,Stéphane Bijoux,FR,RENEW,MALE,9
197557,Christophe Grudler,FR,RENEW,MALE,9
197577,Gilles Boyer,FR,RENEW,MALE,9
197585,Pierre Karleskind,FR,RENEW,MALE,9
204419,Sandro Gozi,FR,RENEW,MALE,9
234344,Max Orville,FR,RENEW,MALE,9
251859,Guy Lavocat,FR,RENEW,MALE,9
96711,Pascal Canfin,FR,RENEW,MALE,9
96885,Dominique Riquet,FR,RENEW,MALE,9
197521,Manuel Bompard,FR,THE-LEFT,MALE,9
197574,Damien Carême,FR,THE-LEFT,MALE,9
24505,Emmanuel Maurel,FR,THE-LEFT,MALE,9
30482,Younous Omarjee,FR,THE-LEFT,MALE,9
124738,Gilles Lebreton,FR,ID,MALE,9
124760,Nicolas Bay,FR,ID,MALE,9
124770,Jean-François Jalkh,FR,ID,MALE,9
131580,Jordan Bardella,FR,ID,MALE,9
197615,Jérôme Rivière,FR,ID,MALE,9
197623,Thierry Mariani,FR,ID,MALE,9
197626,Hervé Juvin,FR,ID,MALE,9
197628,Jean-Paul Garraud,FR,ID,MALE,9
197683,Gilbert Collard,FR,ID,MALE,9
197687,Philippe Olivier,FR,ID,MALE,9
197690,André Rougé,FR,ID,MALE,9
204421,Jean-Lin Lacapelle,FR,ID,MALE,9
236051,Eric Minardi,FR,ID,MALE,9
197413,Karlo Ressler,HR,PPE,MALE,9
197417,Tomislav Sokol,HR,PPE,MALE,9
197438,Mislav Kolakušić,HR,NI,MALE,9
197935,Ivan Vilibor Sinčić,HR,NI,MALE,9
112744,Tonino Picula,HR,S-D,MALE,9
197441,Predrag Fred Matić,HR,S-D,MALE,9
221463,Ladislav Ilčić,HR,ECR,MALE,9
197419,Valter Flego,HR,RENEW,MALE,9
124828,Fulvio Martusciello,IT,PPE,MALE,9
125670,Massimiliano Salini,IT,PPE,MALE,9
197797,Andrea Caroppo,IT,PPE,MALE,9
197824,Giuseppe Milazzo,IT,PPE,MALE,9
204333,Salvatore De Meo,IT,PPE,MALE,9
2187,Antonio Tajani,IT,PPE,MALE,9
239255,Matteo Gazzini,IT,PPE,MALE,9
36392,Aldo Patriciello,IT,PPE,MALE,9
4391,Silvio Berlusconi,IT,PPE,MALE,9
96787,Herbert Dorfmann,IT,PPE,MALE,9
124812,Fabio Massimo Castaldo,IT,NI,MALE,9
124844,Piernicola Pedicini,IT,NI,MALE,9
124856,Ignazio Corrao,IT,NI,MALE,9
125237,Marco Zullo,IT,NI,MALE,9
197791,Massimiliano Smeriglio,IT,NI,MALE,9
197795,Mario Furore,IT,NI,MALE,9
197797,Andrea Caroppo,IT,NI,MALE,9
197804,Dino Giarrusso,IT,NI,MALE,9
239255,Matteo Gazzini,IT,NI,MALE,9
96880,Andrea Cozzolino,IT,NI,MALE,9
124821,Nicola Danti,IT,S-D,MALE,9
124867,Brando Benifei,IT,S-D,MALE,9
192634,Giuseppe Ferrandino,IT,S-D,MALE,9
197590,Giuliano Pisapia,IT,S-D,MALE,9
197592,Pierfrancesco Majorino,IT,S-D,MALE,9
197617,Carlo Calenda,IT,S-D,MALE,9
197791,Massimiliano Smeriglio,IT,S-D,MALE,9
197801,Franco Roberti,IT,S-D,MALE,9
197808,Pietro Bartolo,IT,S-D,MALE,9
239257,Achille Variati,IT,S-D,MALE,9
96864,David Maria Sassoli,IT,S-D,MALE,9
96880,Andrea Cozzolino,IT,S-D,MALE,9
96891,Paolo De Castro,IT,S-D,MALE,9
96892,Roberto Gualtieri,IT,S-D,MALE,9
124844,Piernicola Pedicini,IT,VERTS-ALE,MALE,9
124856,Ignazio Corrao,IT,VERTS-ALE,MALE,9
197607,Pietro Fiocchi,IT,ECR,MALE,9
197820,Nicola Procaccini,IT,ECR,MALE,9
197824,Giuseppe Milazzo,IT,ECR,MALE,9
197825,Raffaele Stancanelli,IT,ECR,MALE,9
204334,Vincenzo Sofo,IT,ECR,MALE,9
239260,Denis Nesci,IT,ECR,MALE,9
4465,Raffaele Fitto,IT,ECR,MALE,9
4746,Sergio Berlato,IT,ECR,MALE,9
96810,Carlo Fidanza,IT,ECR,MALE,9
124812,Fabio Massimo Castaldo,IT,RENEW,MALE,9
124821,Nicola Danti,IT,RENEW,MALE,9
125237,Marco Zullo,IT,RENEW,MALE,9
192634,Giuseppe Ferrandino,IT,RENEW,MALE,9
197617,Carlo Calenda,IT,RENEW,MALE,9
197795,Mario Furore,IT,THE-LEFT,MALE,9
101039,Paolo Borchia,IT,ID,MALE,9
124780,Marco Zanni,IT,ID,MALE,9
183793,Angelo Ciocca,IT,ID,MALE,9
192635,Danilo Oscar Lancini,IT,ID,MALE,9
197608,Gianantonio Da Re,IT,ID,MALE,9
197614,Marco Dreosto,IT,ID,MALE,9
197787,Antonio Maria Rinaldi,IT,ID,MALE,9
197796,Massimo Casanova,IT,ID,MALE,9
197797,Andrea Caroppo,IT,ID,MALE,9
197799,Valentino Grant,IT,ID,MALE,9
197826,Matteo Adinolfi,IT,ID,MALE,9
204334,Vincenzo Sofo,IT,ID,MALE,9
239255,Matteo Gazzini,IT,ID,MALE,9
35016,Marco Campomenosi,IT,ID,MALE,9
36392,Aldo Patriciello,IT,ID,MALE,9
99283,Alessandro Panza,IT,ID,MALE,9
124691,Costas Mavrides,CY,S-D,MALE,9
124692,Demetris Papadakis,CY,S-D,MALE,9
197415,Niyazi Kizilyürek,CY,THE-LEFT,MALE,9
197416,Giorgos Georgiou,CY,THE-LEFT,MALE,9
197783,Andris Ameriks,LV,S-D,MALE,9
197810,Nils Ušakovs,LV,S-D,MALE,9
256134,Ansis Pūpols,LV,ECR,MALE,9
28615,Roberts Zīle,LV,ECR,MALE,9
197624,Ivars Ijabs,LV,RENEW,MALE,9
197841,Liudas Mažylis,LT,PPE,MALE,9
197843,Andrius Kubilius,LT,PPE,MALE,9
96698,Viktor Uspaskich,LT,NI,MALE,9
197838,Juozas Olekas,LT,S-D,MALE,9
125214,Bronis Ropė,LT,VERTS-ALE,MALE,9
197837,Stasys Jakeliūnas,LT,VERTS-ALE,MALE,9
96697,Waldemar Tomaszewski,LT,ECR,MALE,9
124766,Petras Auštrevičius,LT,RENEW,MALE,9
96698,Viktor Uspaskich,LT,RENEW,MALE,9
193419,Christophe Hansen,LU,PPE,MALE,9
197428,Nicolas Schmit,LU,S-D,MALE,9
202073,Marc Angel,LU,S-D,MALE,9
840,Charles Goerens,LU,RENEW,MALE,9
124586,Balázs Hidvéghi,HU,PPE,MALE,9
124714,Andor Deli,HU,PPE,MALE,9
124715,György Hölvényi,HU,PPE,MALE,9
197894,László Trócsányi,HU,PPE,MALE,9
213330,Ernő Schaller-Baross,HU,PPE,MALE,9
23816,András Gyürk,HU,PPE,MALE,9
23821,József Szájer,HU,PPE,MALE,9
96826,Tamás Deutsch,HU,PPE,MALE,9
96829,Ádám Kósa,HU,PPE,MALE,9
124586,Balázs Hidvéghi,HU,NI,MALE,9
124714,Andor Deli,HU,NI,MALE,9
197894,László Trócsányi,HU,NI,MALE,9
198063,Márton Gyöngyösi,HU,NI,MALE,9
213330,Ernő Schaller-Baross,HU,NI,MALE,9
23816,András Gyürk,HU,NI,MALE,9
96826,Tamás Deutsch,HU,NI,MALE,9
96829,Ádám Kósa,HU,NI,MALE,9
124705,István Ujhelyi,HU,S-D,MALE,9
124722,Csaba Molnár,HU,S-D,MALE,9
197584,Sándor Rónai,HU,S-D,MALE,9
197587,Attila Ara-Kovács,HU,S-D,MALE,9
28122,David Casa,MT,PPE,MALE,9
209091,Cyrus Engerer,MT,NI,MALE,9
124781,Alfred Sant,MT,S-D,MALE,9
197403,Alex Agius Saliba,MT,S-D,MALE,9
209091,Cyrus Engerer,MT,S-D,MALE,9
197778,Tom Berendsen,NL,PPE,MALE,9
253043,Henk Jan Ormel,NL,PPE,MALE,9
4560,Antonius Manders,NL,PPE,MALE,9
95074,Jeroen Lenaers,NL,PPE,MALE,9
96809,Peter van Dalen,NL,PPE,MALE,9
125025,Marcel de Graaff,NL,NI,MALE,9
218347,Thijs Reuten,NL,NI,MALE,9
218349,Michiel Hoogeveen,NL,NI,MALE,9
125020,Paul Tang,NL,S-D,MALE,9
197782,Mohammed Chahim,NL,S-D,MALE,9
218347,Thijs Reuten,NL,S-D,MALE,9
96725,Bas Eickhout,NL,VERTS-ALE,MALE,9
197709,Robert Roos,NL,ECR,MALE,9
197773,Bert-Jan Ruissen,NL,ECR,MALE,9
197776,Rob Rooken,NL,ECR,MALE,9
218349,Michiel Hoogeveen,NL,ECR,MALE,9
97133,Derk Jan Eppink,NL,ECR,MALE,9
197780,Bart Groothuis,NL,RENEW,MALE,9
197781,Malik Azmani,NL,RENEW,MALE,9
58789,Jan Huitema,NL,RENEW,MALE,9
125025,Marcel de Graaff,NL,ID,MALE,9
190713,Lukas Mandl,AT,PPE,MALE,9
197648,Alexander Bernhuber,AT,PPE,MALE,9
204368,Christian Sagartz,AT,PPE,MALE,9
249443,Wolfram Pirchner,AT,PPE,MALE,9
4246,Othmar Karas,AT,PPE,MALE,9
197670,Andreas Schieder,AT,S-D,MALE,9
197677,Günther Sidl,AT,S-D,MALE,9
197682,Hannes Heide,AT,S-D,MALE,9
190464,Thomas Waitz,AT,VERTS-ALE,MALE,9
125001,Harald Vilimsky,AT,ID,MALE,9
198176,Roman Haider,AT,ID,MALE,9
38511,Georg Mayer,AT,ID,MALE,9
124895,Krzysztof Hetman,PL,PPE,MALE,9
197492,Bartosz Arłukowicz,PL,PPE,MALE,9
197510,Jarosław Duda-Latoszewski,PL,PPE,MALE,9
197513,Tomasz Frankowski,PL,PPE,MALE,9
197514,Andrzej Halicki,PL,PPE,MALE,9
197517,Adam Jarubas,PL,PPE,MALE,9
197523,Łukasz Kohut,PL,PPE,MALE,9
197548,Radosław Sikorski,PL,PPE,MALE,9
23781,Janusz Lewandowski,PL,PPE,MALE,9
250235,Witold Pahl,PL,PPE,MALE,9
250237,Włodzimierz Karpiński,PL,PPE,MALE,9
251324,Krzysztof Brejza,PL,PPE,MALE,9
28269,Jerzy Buzek,PL,PPE,MALE,9
28288,Jan Olbrycht,PL,PPE,MALE,9
96771,Jarosław Kalinowski,PL,PPE,MALE,9
197523,Łukasz Kohut,PL,NI,MALE,9
197495,Marek Paweł Balt,PL,S-D,MALE,9
197496,Marek Belka,PL,S-D,MALE,9
197498,Robert Biedroń,PL,S-D,MALE,9
197507,Włodzimierz Cimoszewicz,PL,S-D,MALE,9
197523,Łukasz Kohut,PL,S-D,MALE,9
197540,Leszek Miller,PL,S-D,MALE,9
23768,Bogusław Liberadzki,PL,S-D,MALE,9
124884,Kosma Złotowski,PL,ECR,MALE,9
124887,Karol Karski,PL,ECR,MALE,9
124891,Zdzisław Krasnodębski,PL,ECR,MALE,9
197501,Joachim Stanisław Brudziński,PL,ECR,MALE,9
197516,Patryk Jaki,PL,ECR,MALE,9
197518,Krzysztof Jurgiel,PL,ECR,MALE,9
197545,Bogdan Rzońca,PL,ECR,MALE,9
197559,Grzegorz Tobiszowski,PL,ECR,MALE,9
197566,Witold Jan Waszczykowski,PL,ECR,MALE,9
204346,Dominik Tarczyński,PL,ECR,MALE,9
23788,Adam Bielan,PL,ECR,MALE,9
250538,Rafał Romanowski,PL,ECR,MALE,9
28297,Jacek Saryusz-Wolski,PL,ECR,MALE,9
28372,Ryszard Czarnecki,PL,ECR,MALE,9
28389,Zbigniew Kuźmiuk,PL,ECR,MALE,9
96796,Ryszard Antoni Legutko,PL,ECR,MALE,9
96801,Tomasz Piotr Poręba,PL,ECR,MALE,9
1892,Carlos Coelho,PT,PPE,MALE,9
197746,Álvaro Amaro,PT,PPE,MALE,9
254719,Vasco Becker-Weinberg,PT,PPE,MALE,9
254722,Teófilo Santos,PT,PPE,MALE,9
254876,Ricardo Morgado,PT,PPE,MALE,9
96899,José Manuel Fernandes,PT,PPE,MALE,9
96903,Paulo Rangel,PT,PPE,MALE,9
96978,Nuno Melo,PT,PPE,MALE,9
124739,Carlos Zorrinho,PT,S-D,MALE,9
124747,Pedro Silva Pereira,PT,S-D,MALE,9
197634,Pedro Marques,PT,S-D,MALE,9
197640,André Jorge Dionísio Bradford,PT,S-D,MALE,9
197732,Manuel Pizarro,PT,S-D,MALE,9
237224,João Albuquerque,PT,S-D,MALE,9
197645,Francisco Guerreiro,PT,VERTS-ALE,MALE,9
136236,João Pimenta Lopes,PT,THE-LEFT,MALE,9
88715,José Gusmão,PT,THE-LEFT,MALE,9
96706,João Ferreira,PT,THE-LEFT,MALE,9
124802,Siegfried Mureşan,RO,PPE,MALE,9
125012,Daniel Buda,RO,PPE,MALE,9
197636,Ioan-Rareş Bogdan,RO,PPE,MALE,9
197637,Vasile Blaga,RO,PPE,MALE,9
197646,Mircea-Gheorghe Hava,RO,PPE,MALE,9
197647,Dan-Ştefan Motreanu,RO,PPE,MALE,9
197649,Gheorghe Falcă,RO,PPE,MALE,9
197671,Traian Băsescu,RO,PPE,MALE,9
197672,Eugen Tomac,RO,PPE,MALE,9
202112,Gheorghe-Vlad Nistor,RO,PPE,MALE,9
33982,Marian-Jean Marinescu,RO,PPE,MALE,9
38420,Cristian-Silviu Buşoi,RO,PPE,MALE,9
39725,Iuliu Winkler,RO,PPE,MALE,9
98582,Loránt Vincze,RO,PPE,MALE,9
197657,Tudor Ciuhodaru,RO,NI,MALE,9
124784,Dan Nica,RO,S-D,MALE,9
197653,Claudiu Manda,RO,S-D,MALE,9
197655,Cristian Terheş,RO,S-D,MALE,9
197657,Tudor Ciuhodaru,RO,S-D,MALE,9
197658,Dragoş Benea,RO,S-D,MALE,9
198183,Mihai Tudose,RO,S-D,MALE,9
88882,Victor Negrescu,RO,S-D,MALE,9
58766,Nicolae Ștefănuță,RO,VERTS-ALE,MALE,9
197655,Cristian Terheş,RO,ECR,MALE,9
197631,Dacian Cioloş,RO,RENEW,MALE,9
197661,Cristian Ghinea,RO,RENEW,MALE,9
197663,Dragoş Pîslaru,RO,RENEW,MALE,9
197665,Dragoş Tudorache,RO,RENEW,MALE,9
197668,Vlad-Marius Botoş,RO,RENEW,MALE,9
197672,Eugen Tomac,RO,RENEW,MALE,9
209140,Vlad Gheorghe,RO,RENEW,MALE,9
212855,Alin Mituța,RO,RENEW,MALE,9
58766,Nicolae Ștefănuță,RO,RENEW,MALE,9
125004,Franc Bogovič,SI,PPE,MALE,9
96933,Milan Zver,SI,PPE,MALE,9
197446,Milan Brglez,SI,S-D,MALE,9
233862,Matjaž Nemec,SI,S-D,MALE,9
197452,Klemen Grošelj,SI,RENEW,MALE,9
197763,Milan Uhrík,SK,NI,MALE,9
197764,Miroslav Radačovský,SK,NI,MALE,9
197761,Miroslav Číž,SK,S-D,MALE,9
34578,Robert Hajšel,SK,S-D,MALE,9
197767,Eugen Jurzyca,SK,ECR,MALE,9
103746,Michal Šimečka,SK,RENEW,MALE,9
197769,Michal Wiezik,SK,RENEW,MALE,9
197770,Martin Hojsík,SK,RENEW,MALE,9
249826,Jozef Mihál,SK,RENEW,MALE,9
197802,Ville Niinistö,FI,VERTS-ALE,MALE,9
197596,Teuvo Hakkarainen,FI,ECR,MALE,9
114268,Nils Torvalds,FI,RENEW,MALE,9
197563,Mauri Pekkarinen,FI,RENEW,MALE,9
197596,Teuvo Hakkarainen,FI,ID,MALE,9
197393,David Lega,SE,PPE,MALE,9
197402,Tomas Tobé,SE,PPE,MALE,9
197405,Jörgen Warborn,SE,PPE,MALE,9
197396,Erik Bergkvist,SE,S-D,MALE,9
228604,Ilan De Basso,SE,S-D,MALE,9
253008,Linus Glanzelius,SE,S-D,MALE,9
38542,Johan Danielsson,SE,S-D,MALE,9
183338,Jakop G. Dalunde,SE,VERTS-ALE,MALE,9
197398,Pär Holmgren,SE,VERTS-ALE,MALE,9
123562,Charlie Weimers,SE,ECR,MALE,9
124996,Peter Lundgren,SE,ECR,MALE,9
238639,Johan Nissinen,SE,ECR,MALE,9
124989,Fredrick Federley,SE,RENEW,MALE,9
24922,Pascal Arimont,BE,PPE,MALE,10
256887,Wouter Beke,BE,PPE,MALE,10
1294,Elio Di Rupo,BE,S-D,MALE,10
256885,Bruno Tobback,BE,S-D,MALE,10
125106,Johan Van Overtveldt,BE,ECR,MALE,10
256884,Kris Van Dijck,BE,ECR,MALE,10
197463,Olivier Chastel,BE,RENEW,MALE,10
256879,Yvan Verougstraete,BE,RENEW,MALE,10
256891,Benoit Cassart,BE,RENEW,MALE,10
187917,Marc Botenga,BE,THE-LEFT,MALE,10
256890,Rudi Kennes,BE,THE-LEFT,MALE,10
107212,Andrey Novakov,BG,PPE,MALE,10
124850,Emil Radev,BG,PPE,MALE,10
197839,Radan Kanev,BG,PPE,MALE,10
257261,Ilia Lazarov,BG,PPE,MALE,10
97968,Andrey Kovatchev,BG,PPE,MALE,10
257256,Taner Kabilov,BG,NI,MALE,10
34232,Kristian Vigenin,BG,S-D,MALE,10
257258,Ivaylo Valchev,BG,ECR,MALE,10
124866,Ilhan Kyuchyuk,BG,RENEW,MALE,10
257256,Taner Kabilov,BG,RENEW,MALE,10
257257,Hristo Petrov,BG,RENEW,MALE,10
257259,Nikola Minchev,BG,RENEW,MALE,10
124701,Luděk Niedermayer,CZ,PPE,MALE,10
124713,Tomáš Zdechovský,CZ,PPE,MALE,10
256840,Jan Farský,CZ,PPE,MALE,10
256846,Ondřej Kolář,CZ,PPE,MALE,10
256851,Ondřej Dostál,CZ,NI,MALE,10
197537,Alexandr Vondra,CZ,ECR,MALE,10
256845,Ondřej Krutílek,CZ,ECR,MALE,10
257028,Henrik Dahl,DK,PPE,MALE,10
257033,Niels Flemming Hansen,DK,PPE,MALE,10
101585,Niels Fuglsang,DK,S-D,MALE,10
111412,Villy Søvndal,DK,VERTS-ALE,MALE,10
257044,Rasmus Nordqvist,DK,VERTS-ALE,MALE,10
257025,Kristoffer Storm,DK,ECR,MALE,10
197558,Asger Christensen,DK,RENEW,MALE,10
96709,Morten Løkkegaard,DK,RENEW,MALE,10
257023,Per Clausen,DK,THE-LEFT,MALE,10
124806,David McAllister,DE,PPE,MALE,10
124807,Jens Gieseke,DE,PPE,MALE,10
124808,Norbert Lins,DE,PPE,MALE,10
188945,Dennis Radtke,DE,PPE,MALE,10
1917,Markus Ferber,DE,PPE,MALE,10
1927,Peter Liese,DE,PPE,MALE,10
197410,Stefan Berger,DE,PPE,MALE,10
197412,Niclas Herbst,DE,PPE,MALE,10
197425,Ralf Seekatz,DE,PPE,MALE,10
197426,Sven Simon,DE,PPE,MALE,10
197473,Christian Doleschal,DE,PPE,MALE,10
2341,Michael Gahler,DE,PPE,MALE,10
251874,Niels Geuking,DE,PPE,MALE,10
256973,Stefan Köhler,DE,PPE,MALE,10
256979,Oliver Schenk,DE,PPE,MALE,10
28219,Daniel Caspary,DE,PPE,MALE,10
28223,Andreas Schwab,DE,PPE,MALE,10
28226,Christian Ehler,DE,PPE,MALE,10
28229,Manfred Weber,DE,PPE,MALE,10
96761,Axel Voss,DE,PPE,MALE,10
124834,Martin Sonneborn,DE,NI,MALE,10
124858,Fabio De Masi,DE,NI,MALE,10
197481,Maximilian Krah,DE,NI,MALE,10
256939,Thomas Geisel,DE,NI,MALE,10
256966,Michael von der Schulenburg,DE,NI,MALE,10
256967,Jan-Peter Warnke,DE,NI,MALE,10
256969,Friedrich Pürner,DE,NI,MALE,10
256971,Lukas Sieper,DE,NI,MALE,10
267485,Volker Schnurrbusch,DE,NI,MALE,10
185619,Tiemo Wölken,DE,S-D,MALE,10
1909,Bernd Lange,DE,S-D,MALE,10
229839,René Repasi,DE,S-D,MALE,10
237465,Matthias Ecke,DE,S-D,MALE,10
256938,Tobias Cremer,DE,S-D,MALE,10
4267,Udo Bullmann,DE,S-D,MALE,10
96833,Jens Geier,DE,S-D,MALE,10
106936,Daniel Freund,DE,VERTS-ALE,MALE,10
197439,Damian Boeselager,DE,VERTS-ALE,MALE,10
197448,Rasmus Andresen,DE,VERTS-ALE,MALE,10
197449,Michael Bloss,DE,VERTS-ALE,MALE,10
197460,Sergey Lagodinsky,DE,VERTS-ALE,MALE,10
197462,Erik Marquardt,DE,VERTS-ALE,MALE,10
256965,Kai Tegethoff,DE,VERTS-ALE,MALE,10
96752,Martin Häusling,DE,VERTS-ALE,MALE,10
197430,Engin Eroglu,DE,RENEW,MALE,10
197432,Jan-Christoph Oetjen,DE,RENEW,MALE,10
197443,Andreas Glück,DE,RENEW,MALE,10
197445,Moritz Körner,DE,RENEW,MALE,10
256962,Joachim Streit,DE,RENEW,MALE,10
190517,Martin Schirdewan,DE,THE-LEFT,MALE,10
256961,Sebastian Everding,DE,THE-LEFT,MALE,10
270719,Martin Günther,DE,THE-LEFT,MALE,10
188096,Jüri Ratas,EE,PPE,MALE,10
204449,Riho Terras,EE,PPE,MALE,10
197497,Sven Mikser,EE,S-D,MALE,10
197493,Jaak Madison,EE,ECR,MALE,10
129073,Urmas Paet,EE,RENEW,MALE,10
96668,Seán Kelly,IE,PPE,MALE,10
257238,Aodhán Ó Ríordáin,IE,S-D,MALE,10
197818,Billy Kelleher,IE,RENEW,MALE,10
204332,Barry Andrews,IE,RENEW,MALE,10
257297,Barry Cowen,IE,RENEW,MALE,10
257298,Ciaran Mullooly,IE,RENEW,MALE,10
257300,Michael McNamara,IE,RENEW,MALE,10
124985,Luke Ming Flanagan,IE,THE-LEFT,MALE,10
125027,Esteban González Pons,ES,PPE,MALE,10
125204,Borja Giménez Larraz,ES,PPE,MALE,10
197606,Javier Zarzalejos,ES,PPE,MALE,10
197621,Juan Ignacio Zoido Álvarez,ES,PPE,MALE,10
204400,Adrián Vázquez Lázara,ES,PPE,MALE,10
257027,Fernando Navarrete Rojas,ES,PPE,MALE,10
257030,Raúl de la Hoz Quintano,ES,PPE,MALE,10
257040,Nicolás Pascual de la Parte,ES,PPE,MALE,10
28399,Antonio López-Istúriz White,ES,PPE,MALE,10
28400,Francisco José Millán Mon,ES,PPE,MALE,10
96808,Pablo Arias Echeverría,ES,PPE,MALE,10
96936,Gabriel Mato,ES,PPE,MALE,10
257019,Alvise Pérez,ES,NI,MALE,10
257021,Diego Solier,ES,NI,MALE,10
125042,Javi López,ES,S-D,MALE,10
125046,Jonás Fernández,ES,S-D,MALE,10
197718,Nicolás González Casares,ES,S-D,MALE,10
197721,César Luena,ES,S-D,MALE,10
197722,Nacho Sánchez Amor,ES,S-D,MALE,10
204413,Marcos Ros Sempere,ES,S-D,MALE,10
257002,José Cepeda,ES,S-D,MALE,10
28347,Javier Moreno Sánchez,ES,S-D,MALE,10
96812,Juan Fernando López Aguilar,ES,S-D,MALE,10
257015,Jaume Asens Llodrà,ES,VERTS-ALE,MALE,10
257016,Vicent Marzà Ibáñez,ES,VERTS-ALE,MALE,10
257021,Diego Solier,ES,ECR,MALE,10
197684,Pernando Barrena Arza,ES,THE-LEFT,MALE,10
197534,François-Xavier Bellamy,FR,PPE,MALE,10
256919,Christophe Gomart,FR,PPE,MALE,10
256921,Laurent Castillo,FR,PPE,MALE,10
197694,Raphaël Glucksmann,FR,S-D,MALE,10
245018,Christophe Clergeau,FR,S-D,MALE,10
256898,Pierre Jouvet,FR,S-D,MALE,10
256901,Jean-Marc Germain,FR,S-D,MALE,10
256903,Thomas Pellerin-Carlin,FR,S-D,MALE,10
256905,Eric Sargiacomo,FR,S-D,MALE,10
256908,François Kalfon,FR,S-D,MALE,10
197500,Mounir Satouri,FR,VERTS-ALE,MALE,10
197503,David Cormand,FR,VERTS-ALE,MALE,10
124760,Nicolas Bay,FR,ECR,MALE,10
30123,Guillaume Peltier,FR,ECR,MALE,10
197504,Jérémy Decerle,FR,RENEW,MALE,10
197543,Bernard Guetta,FR,RENEW,MALE,10
197557,Christophe Grudler,FR,RENEW,MALE,10
197577,Gilles Boyer,FR,RENEW,MALE,10
204419,Sandro Gozi,FR,RENEW,MALE,10
256869,Grégory Allione,FR,RENEW,MALE,10
96711,Pascal Canfin,FR,RENEW,MALE,10
197574,Damien Carême,FR,THE-LEFT,MALE,10
256910,Anthony Smith,FR,THE-LEFT,MALE,10
256911,Arash Saeidi,FR,THE-LEFT,MALE,10
30482,Younous Omarjee,FR,THE-LEFT,MALE,10
119435,Davor Ivo Stier,HR,PPE,MALE,10
197413,Karlo Ressler,HR,PPE,MALE,10
197417,Tomislav Sokol,HR,PPE,MALE,10
112744,Tonino Picula,HR,S-D,MALE,10
197441,Predrag Fred Matić,HR,S-D,MALE,10
260035,Marko Vešligaj,HR,S-D,MALE,10
256995,Gordan Bosanac,HR,VERTS-ALE,MALE,10
257000,Stephen Nikola Bartulica,HR,ECR,MALE,10
124795,Flavio Tosi,IT,PPE,MALE,10
124828,Fulvio Martusciello,IT,PPE,MALE,10
125670,Massimiliano Salini,IT,PPE,MALE,10
204333,Salvatore De Meo,IT,PPE,MALE,10
257137,Marco Falcone,IT,PPE,MALE,10
96787,Herbert Dorfmann,IT,PPE,MALE,10
257125,Roberto Vannacci,IT,NI,MALE,10
124867,Brando Benifei,IT,S-D,MALE,10
257102,Giorgio Gori,IT,S-D,MALE,10
257106,Alessandro Zan,IT,S-D,MALE,10
257108,Stefano Bonaccini,IT,S-D,MALE,10
257111,Dario Nardella,IT,S-D,MALE,10
257121,Matteo Ricci,IT,S-D,MALE,10
257122,Antonio Decaro,IT,S-D,MALE,10
257124,Giuseppe Lupo,IT,S-D,MALE,10
257148,Raffaele Topo,IT,S-D,MALE,10
257160,Marco Tarquinio,IT,S-D,MALE,10
257170,Sandro Ruotolo,IT,S-D,MALE,10
257727,Pierfrancesco Maran,IT,S-D,MALE,10
28419,Nicola Zingaretti,IT,S-D,MALE,10
2152,Leoluca Orlando,IT,VERTS-ALE,MALE,10
257132,Ignazio Roberto Marino,IT,VERTS-ALE,MALE,10
124691,Costas Mavrides,CY,S-D,MALE,10
256986,Geadis Geadi,CY,ECR,MALE,10
197416,Giorgos Georgiou,CY,THE-LEFT,MALE,10
197810,Nils Ušakovs,LV,S-D,MALE,10
256916,Mārtiņš Staķis,LV,VERTS-ALE,MALE,10
220871,Rihards Kols,LV,ECR,MALE,10
256907,Reinis Pozņaks,LV,ECR,MALE,10
28615,Roberts Zīle,LV,ECR,MALE,10
197624,Ivars Ijabs,LV,RENEW,MALE,10
197841,Liudas Mažylis,LT,PPE,MALE,10
197843,Andrius Kubilius,LT,PPE,MALE,10
256809,Paulius Saudargas,LT,PPE,MALE,10
119652,Vytenis Povilas Andriukaitis,LT,S-D,MALE,10
201945,Virginijus Sinkevičius,LT,VERTS-ALE,MALE,10
256811,Aurelijus Veryga,LT,ECR,MALE,10
96697,Waldemar Tomaszewski,LT,ECR,MALE,10
124766,Petras Auštrevičius,LT,RENEW,MALE,10
256807,Dainius Žalimas,LT,RENEW,MALE,10
193419,Christophe Hansen,LU,PPE,MALE,10
256900,Fernand Kartheiser,LU,NI,MALE,10
202073,Marc Angel,LU,S-D,MALE,10
256900,Fernand Kartheiser,LU,ECR,MALE,10
840,Charles Goerens,LU,RENEW,MALE,10
256863,Zoltán Tarr,HU,PPE,MALE,10
256864,András Tivadar Kulja,HU,PPE,MALE,10
256868,Péter Magyar,HU,PPE,MALE,10
124722,Csaba Molnár,HU,S-D,MALE,10
113523,Peter Agius,MT,PPE,MALE,10
28122,David Casa,MT,PPE,MALE,10
197403,Alex Agius Saliba,MT,S-D,MALE,10
256934,Daniel Attard,MT,S-D,MALE,10
256936,Thomas Bajada,MT,S-D,MALE,10
125325,Sander Smit,NL,PPE,MALE,10
197778,Tom Berendsen,NL,PPE,MALE,10
95074,Jeroen Lenaers,NL,PPE,MALE,10
97399,Dirk Gotink,NL,PPE,MALE,10
197782,Mohammed Chahim,NL,S-D,MALE,10
218347,Thijs Reuten,NL,S-D,MALE,10
256978,Reinier Van Lanschot,NL,VERTS-ALE,MALE,10
96725,Bas Eickhout,NL,VERTS-ALE,MALE,10
125325,Sander Smit,NL,ECR,MALE,10
197773,Bert-Jan Ruissen,NL,ECR,MALE,10
197780,Bart Groothuis,NL,RENEW,MALE,10
197781,Malik Azmani,NL,RENEW,MALE,10
96940,Gerben-Jan Gerbrandy,NL,RENEW,MALE,10
190713,Lukas Mandl,AT,PPE,MALE,10
197648,Alexander Bernhuber,AT,PPE,MALE,10
220896,Reinhold Lopatka,AT,PPE,MALE,10
197670,Andreas Schieder,AT,S-D,MALE,10
197677,Günther Sidl,AT,S-D,MALE,10
197682,Hannes Heide,AT,S-D,MALE,10
190464,Thomas Waitz,AT,VERTS-ALE,MALE,10
256841,Helmut Brandstätter,AT,RENEW,MALE,10
124893,Bogdan Andrzej Zdrojewski,PL,PPE,MALE,10
124895,Krzysztof Hetman,PL,PPE,MALE,10
197492,Bartosz Arłukowicz,PL,PPE,MALE,10
197514,Andrzej Halicki,PL,PPE,MALE,10
197517,Adam Jarubas,PL,PPE,MALE,10
197523,Łukasz Kohut,PL,PPE,MALE,10
23781,Janusz Lewandowski,PL,PPE,MALE,10
251324,Krzysztof Brejza,PL,PPE,MALE,10
257026,Michał Szczerba,PL,PPE,MALE,10
257031,Dariusz Joński,PL,PPE,MALE,10
257041,Jacek Protas,PL,PPE,MALE,10
257042,Marcin Kierwiński,PL,PPE,MALE,10
257045,Michał Wawrykiewicz,PL,PPE,MALE,10
257047,Borys Budka,PL,PPE,MALE,10
257051,Andrzej Buła,PL,PPE,MALE,10
86057,Bartłomiej Sienkiewicz,PL,PPE,MALE,10
257067,Grzegorz Braun,PL,NI,MALE,10
257072,Tomasz Buczek,PL,NI,MALE,10
197498,Robert Biedroń,PL,S-D,MALE,10
257085,Krzysztof Śmiszek,PL,S-D,MALE,10
124884,Kosma Złotowski,PL,ECR,MALE,10
197501,Joachim Stanisław Brudziński,PL,ECR,MALE,10
197516,Patryk Jaki,PL,ECR,MALE,10
197545,Bogdan Rzońca,PL,ECR,MALE,10
204346,Dominik Tarczyński,PL,ECR,MALE,10
23788,Adam Bielan,PL,ECR,MALE,10
257052,Maciej Wąsik,PL,ECR,MALE,10
257056,Mariusz Kamiński,PL,ECR,MALE,10
257058,Daniel Obajtek,PL,ECR,MALE,10
257060,Arkadiusz Mularczyk,PL,ECR,MALE,10
257073,Tobiasz Bocheński,PL,ECR,MALE,10
257076,Michał Dworczyk,PL,ECR,MALE,10
257080,Piotr Müller,PL,ECR,MALE,10
257086,Jacek Ozdoba,PL,ECR,MALE,10
99878,Waldemar Buda,PL,ECR,MALE,10
257037,Michał Kobosko,PL,RENEW,MALE,10
257048,Paulo Do Nascimento Cabral,PT,PPE,MALE,10
257065,Sérgio Humberto,PT,PPE,MALE,10
257068,Hélder Sousa Silva,PT,PPE,MALE,10
257078,Paulo Cunha,PT,PPE,MALE,10
257081,Sebastião Bugalho,PT,PPE,MALE,10
257059,Bruno Gonçalves,PT,S-D,MALE,10
257066,André Franqueira Rodrigues,PT,S-D,MALE,10
257079,Sérgio Gonçalves,PT,S-D,MALE,10
28307,Francisco Assis,PT,S-D,MALE,10
257057,João Cotrim De Figueiredo,PT,RENEW,MALE,10
257083,João Oliveira,PT,THE-LEFT,MALE,10
124802,Siegfried Mureşan,RO,PPE,MALE,10
125012,Daniel Buda,RO,PPE,MALE,10
197636,Ioan-Rareş Bogdan,RO,PPE,MALE,10
197646,Mircea-Gheorghe Hava,RO,PPE,MALE,10
197647,Dan-Ştefan Motreanu,RO,PPE,MALE,10
197649,Gheorghe Falcă,RO,PPE,MALE,10
257107,Virgil-Daniel Popescu,RO,PPE,MALE,10
39725,Iuliu Winkler,RO,PPE,MALE,10
98582,Loránt Vincze,RO,PPE,MALE,10
257118,Luis-Vicențiu Lazarus,RO,NI,MALE,10
124784,Dan Nica,RO,S-D,MALE,10
197653,Claudiu Manda,RO,S-D,MALE,10
197658,Dragoş Benea,RO,S-D,MALE,10
198183,Mihai Tudose,RO,S-D,MALE,10
257100,Gheorghe Cârciu,RO,S-D,MALE,10
257103,Ştefan Muşoiu,RO,S-D,MALE,10
33998,Vasile Dîncu,RO,S-D,MALE,10
40224,Andi Cristea,RO,S-D,MALE,10
88882,Victor Negrescu,RO,S-D,MALE,10
58766,Nicolae Ștefănuță,RO,VERTS-ALE,MALE,10
197655,Cristian Terheş,RO,ECR,MALE,10
257114,Claudiu-Richard Târziu,RO,ECR,MALE,10
257115,Gheorghe Piperea,RO,ECR,MALE,10
257117,Adrian-George Axinia,RO,ECR,MALE,10
257119,Şerban Dimitrie Sturdza,RO,ECR,MALE,10
197672,Eugen Tomac,RO,RENEW,MALE,10
257110,Dan Barna,RO,RENEW,MALE,10
257112,Vlad Vasile-Voiculescu,RO,RENEW,MALE,10
219652,Matej Tonin,SI,PPE,MALE,10
220908,Branko Grims,SI,PPE,MALE,10
96933,Milan Zver,SI,PPE,MALE,10
233862,Matjaž Nemec,SI,S-D,MALE,10
256813,Vladimir Prebilič,SI,VERTS-ALE,MALE,10
256815,Marjan Šarec,SI,RENEW,MALE,10
249982,Milan Mazurek,SK,NI,MALE,10
257005,Ľuboš Blaha,SK,NI,MALE,10
257007,Erik Kaliňák,SK,NI,MALE,10
257018,Branislav Ondruš,SK,NI,MALE,10
197769,Michal Wiezik,SK,RENEW,MALE,10
197770,Martin Hojsík,SK,RENEW,MALE,10
257010,Ľudovít Ódor,SK,RENEW,MALE,10
256804,Pekka Toveri,FI,PPE,MALE,10
256810,Mika Aaltola,FI,PPE,MALE,10
197800,Eero Heinäluoma,FI,S-D,MALE,10
197802,Ville Niinistö,FI,VERTS-ALE,MALE,10
256806,Sebastian Tynkkynen,FI,ECR,MALE,10
197398,Pär Holmgren,SE,VERTS-ALE,MALE,10
123562,Charlie Weimers,SE,ECR,MALE,10
257091,Dick Erixon,SE,ECR,MALE,10
